Transaction Date,Total amount Withdrawn,Weekday,Festival Religion,Working Day,Holiday Sequence
2011-01-01,123800,2,1,0,4
2011-01-02,52800,3,4,0,1
2011-01-03,88100,1,4,1,7
2011-01-04,101600,5,4,1,7
2011-01-05,98000,6,4,1,7
2011-01-06,85900,4,4,1,7
2011-01-07,76500,0,4,1,7
2011-01-08,128600,2,4,0,4
2011-01-09,89000,3,4,0,1
2011-01-10,89800,1,4,1,3
2011-01-11,111900,5,4,1,7
2011-01-12,42700,6,4,1,7
2011-01-13,81200,4,4,1,7
2011-01-14,91100,0,4,1,6
2011-01-15,115900,2,1,0,4
2011-01-16,55100,3,1,0,0
2011-01-17,129800,1,1,0,1
2011-01-18,163600,5,4,1,3
2011-01-19,79500,6,4,1,7
2011-01-20,81700,4,4,1,7
2011-01-21,86600,0,4,1,6
2011-01-22,85400,2,4,0,4
2011-01-23,36800,3,4,0,1
2011-01-24,103900,1,4,1,3
2011-01-25,139900,5,4,1,5
2011-01-26,40500,6,3,0,5
2011-01-27,83300,4,4,1,3
2011-01-28,71300,0,4,1,6
2011-01-29,163500,2,4,0,4
2011-01-30,41100,3,4,0,1
2011-01-31,70800,1,4,1,3
2011-02-01,161700,5,4,1,7
2011-02-02,79200,6,4,1,7
2011-02-03,167800,4,4,1,7
2011-02-04,112700,0,4,1,6
2011-02-05,144000,2,4,0,4
2011-02-06,110400,3,4,0,1
2011-02-07,80300,1,4,1,3
2011-02-08,175300,5,4,1,7
2011-02-09,94600,6,4,1,7
2011-02-10,78100,4,4,1,7
2011-02-11,107400,0,4,1,7
2011-02-12,143200,2,4,0,4
2011-02-13,74900,3,4,0,1
2011-02-14,117000,1,4,1,3
2011-02-15,123700,5,4,1,6
2011-02-16,23700,6,2,0,5
2011-02-17,99700,4,4,1,3
2011-02-18,141800,0,4,1,6
2011-02-19,54300,2,4,0,4
2011-02-20,56000,3,4,0,1
2011-02-21,64200,1,4,1,3
2011-02-22,142500,5,4,1,7
2011-02-23,91900,6,4,1,7
2011-02-24,74700,4,4,1,7
2011-02-25,33700,0,4,1,6
2011-02-26,119600,2,4,0,4
2011-02-27,18000,3,4,0,1
2011-02-28,149000,1,4,1,3
2011-03-01,105800,5,4,1,7
2011-03-02,143300,6,4,1,7
2011-03-03,109100,4,1,1,7
2011-03-04,167100,0,4,1,6
2011-03-05,116000,2,4,0,4
2011-03-06,110200,3,4,0,1
2011-03-07,111300,1,4,1,3
2011-03-08,134400,5,4,1,7
2011-03-09,173100,6,4,1,7
2011-03-10,127600,4,4,1,7
2011-03-11,110200,0,4,1,7
2011-03-12,82400,2,4,0,4
2011-03-13,134700,3,4,0,1
2011-03-14,76100,1,4,1,3
2011-03-15,111200,5,4,1,7
2011-03-16,131200,6,4,1,7
2011-03-17,76300,4,4,1,7
2011-03-18,97400,0,4,1,6
2011-03-19,94300,2,4,0,4
2011-03-20,9200,3,1,0,1
2011-03-21,99400,1,4,1,3
2011-03-22,47600,5,4,1,7
2011-03-23,52800,6,4,1,7
2011-03-24,34000,4,4,1,7
2011-03-25,37900,0,4,1,6
2011-03-26,41300,2,4,0,4
2011-03-27,88800,3,4,0,1
2011-03-28,144200,1,4,1,3
2011-03-29,108600,5,4,1,7
2011-03-30,110200,6,4,1,7
2011-03-31,131800,4,4,1,7
2011-04-01,134700,0,4,1,6
2011-04-02,130500,2,4,0,4
2011-04-03,237800,3,4,0,1
2011-04-04,101000,1,1,1,3
2011-04-05,202300,5,4,1,7
2011-04-06,115400,6,4,1,7
2011-04-07,109800,4,4,1,7
2011-04-08,122500,0,4,1,6
2011-04-09,155600,2,4,0,4
2011-04-10,112700,3,4,0,1
2011-04-11,141300,1,4,1,2
2011-04-12,111500,5,1,0,5
2011-04-13,208500,6,4,1,2
2011-04-14,105600,4,3,0,5
2011-04-15,90000,0,4,1,2
2011-04-16,68100,2,1,0,4
2011-04-17,103000,3,4,0,1
2011-04-18,154000,1,4,1,3
2011-04-19,92100,5,4,1,7
2011-04-20,171400,6,4,1,7
2011-04-21,120700,4,4,1,6
2011-04-22,73900,0,0,0,4
2011-04-23,112300,2,4,0,0
2011-04-24,79900,3,4,0,1
2011-04-25,71600,1,4,1,3
2011-04-26,62100,5,4,1,7
2011-04-27,80100,6,4,1,7
2011-04-28,77600,4,4,1,7
2011-04-29,86700,0,4,1,6
2011-04-30,22400,2,4,0,4
2011-05-01,60200,3,3,0,1
2011-05-02,116500,1,4,1,3
2011-05-03,97200,5,4,1,7
2011-05-04,52900,6,4,1,7
2011-05-05,111200,4,4,1,7
2011-05-06,117300,0,4,1,6
2011-05-07,138600,2,4,0,4
2011-05-08,101000,3,4,0,1
2011-05-09,65600,1,4,1,3
2011-05-10,204200,5,4,1,7
2011-05-11,114900,6,4,1,7
2011-05-12,101000,4,4,1,7
2011-05-13,53300,0,4,1,6
2011-05-14,65000,2,4,0,4
2011-05-15,57300,3,4,0,1
2011-05-16,77900,1,4,1,2
2011-05-17,66700,5,1,0,5
2011-05-18,131400,6,4,1,3
2011-05-19,162700,4,4,1,7
2011-05-20,194700,0,4,1,6
2011-05-21,98300,2,4,0,4
2011-05-22,86900,3,4,0,1
2011-05-23,107000,1,4,1,3
2011-05-24,120800,5,4,1,7
2011-05-25,250400,6,4,1,7
2011-05-26,267400,4,4,1,7
2011-05-27,161200,0,4,1,6
2011-05-28,147900,2,4,0,4
2011-05-29,68700,3,4,0,1
2011-05-30,136800,1,4,1,3
2011-05-31,133800,5,4,1,7
2011-06-01,136500,6,4,1,7
2011-06-02,109600,4,4,1,7
2011-06-03,124700,0,4,1,6
2011-06-04,209300,2,4,0,4
2011-06-05,82200,3,4,0,1
2011-06-06,127700,1,4,1,3
2011-06-07,106000,5,4,1,7
2011-06-08,109100,6,4,1,7
2011-06-09,171700,4,4,1,7
2011-06-10,121500,0,4,1,6
2011-06-11,56700,2,4,0,4
2011-06-12,125500,3,4,0,1
2011-06-13,174800,1,4,1,3
2011-06-14,72700,5,4,1,7
2011-06-15,89100,6,4,1,7
2011-06-16,144500,4,4,1,7
2011-06-17,88200,0,4,1,6
2011-06-18,118500,2,4,0,4
2011-06-19,138500,3,4,0,1
2011-06-20,148700,1,4,1,3
2011-06-21,172000,5,4,1,7
2011-06-22,104800,6,4,1,7
2011-06-23,132500,4,4,1,7
2011-06-24,197100,0,4,1,6
2011-06-25,124100,2,4,0,4
2011-06-26,54900,3,4,0,1
2011-06-27,76500,1,4,1,3
2011-06-28,189100,5,4,1,7
2011-06-29,130000,6,4,1,7
2011-06-30,101100,4,4,1,7
2011-07-01,158800,0,4,1,6
2011-07-02,68000,2,4,0,4
2011-07-03,123200,3,4,0,1
2011-07-04,93400,1,4,1,3
2011-07-05,114000,5,4,1,7
2011-07-06,96600,6,4,1,7
2011-07-07,126800,4,4,1,7
2011-07-08,113800,0,4,1,7
2011-07-09,98200,2,4,0,4
2011-07-10,163500,3,4,0,1
2011-07-11,98400,1,4,1,3
2011-07-12,86700,5,4,1,7
2011-07-13,105700,6,4,1,7
2011-07-14,48600,4,4,1,7
2011-07-15,97500,0,4,1,6
2011-07-16,122300,2,4,0,4
2011-07-17,53400,3,4,0,1
2011-07-18,100600,1,4,1,3
2011-07-19,52500,5,4,1,7
2011-07-20,158400,6,4,1,7
2011-07-21,93800,4,4,1,7
2011-07-22,121900,0,4,1,6
2011-07-23,105300,2,4,0,4
2011-07-24,146000,3,4,0,1
2011-07-25,94900,1,4,1,3
2011-07-26,135100,5,4,1,7
2011-07-27,87400,6,4,1,7
2011-07-28,109200,4,4,1,7
2011-07-29,130300,0,4,1,6
2011-07-30,163600,2,4,0,4
2011-07-31,163300,3,4,0,1
2011-08-01,292700,1,4,1,3
2011-08-02,244000,5,4,1,7
2011-08-03,310700,6,4,1,7
2011-08-04,276400,4,4,1,7
2011-08-05,190700,0,4,1,6
2011-08-06,343200,2,4,0,4
2011-08-07,227400,3,4,0,1
2011-08-08,337600,1,4,1,3
2011-08-09,269700,5,4,1,7
2011-08-10,206400,6,4,1,7
2011-08-11,209800,4,4,1,7
2011-08-12,129400,0,4,1,6
2011-08-13,73900,2,4,0,4
2011-08-14,98300,3,4,0,0
2011-08-15,29000,1,3,0,1
2011-08-16,30800,5,4,1,3
2011-08-17,85600,6,4,1,7
2011-08-18,103500,4,4,1,7
2011-08-19,48200,0,4,1,6
2011-08-20,101300,2,4,0,4
2011-08-21,129100,3,1,0,1
2011-08-22,87500,1,4,1,3
2011-08-23,135100,5,4,1,7
2011-08-24,97600,6,4,1,7
2011-08-25,125400,4,4,1,7
2011-08-26,108500,0,4,1,6
2011-08-27,63500,2,4,0,4
2011-08-28,66500,3,4,0,1
2011-08-29,103100,1,4,1,3
2011-08-30,144800,5,4,1,4
2011-08-31,132100,6,2,0,4
2011-09-01,124000,4,1,0,1
2011-09-02,201600,0,4,1,2
2011-09-03,146900,2,4,0,4
2011-09-04,232000,3,4,0,1
2011-09-05,203100,1,4,1,3
2011-09-06,109000,5,4,1,7
2011-09-07,111500,6,4,1,7
2011-09-08,133900,4,4,1,7
2011-09-09,105700,0,4,1,7
2011-09-10,67600,2,4,0,4
2011-09-11,127100,3,4,0,1
2011-09-12,93200,1,4,1,3
2011-09-13,202600,5,4,1,7
2011-09-14,118900,6,4,1,7
2011-09-15,115100,4,4,1,7
2011-09-16,195400,0,4,1,6
2011-09-17,121000,2,4,0,4
2011-09-18,113500,3,4,0,1
2011-09-19,133200,1,4,1,3
2011-09-20,117300,5,4,1,7
2011-09-21,85600,6,4,1,7
2011-09-22,51900,4,4,1,7
2011-09-23,106000,0,4,1,6
2011-09-24,69500,2,4,0,4
2011-09-25,145800,3,4,0,1
2011-09-26,32000,1,4,1,3
2011-09-27,160400,5,4,1,7
2011-09-28,149300,6,4,1,7
2011-09-29,69500,4,4,1,7
2011-09-30,177700,0,4,1,6
2011-10-01,239500,2,4,0,4
2011-10-02,149000,3,3,0,1
2011-10-03,113200,1,4,1,3
2011-10-04,68900,5,4,1,6
2011-10-05,151600,6,1,0,4
2011-10-07,36500,0,4,1,6
2011-10-08,210500,2,4,0,4
2011-10-09,181300,3,4,0,1
2011-10-10,205000,1,4,1,3
2011-10-11,106200,5,4,1,7
2011-10-12,231900,6,4,1,7
2011-10-13,155600,4,4,1,7
2011-10-14,183700,0,4,1,6
2011-10-15,173600,2,4,0,4
2011-10-16,143500,3,4,0,1
2011-10-17,102000,1,4,1,3
2011-10-18,136200,5,4,1,7
2011-10-19,179200,6,4,1,7
2011-10-20,59400,4,4,1,7
2011-10-21,109000,0,4,1,6
2011-10-22,90900,2,4,0,4
2011-10-23,150300,3,4,0,1
2011-10-24,166500,1,4,1,3
2011-10-25,208900,5,4,1,6
2011-10-26,67000,6,1,0,5
2011-10-27,55100,4,4,1,3
2011-10-28,108800,0,4,1,6
2011-10-29,86100,2,4,0,4
2011-10-30,87700,3,4,0,1
2011-10-31,88300,1,4,1,3
2011-11-01,183200,5,4,1,7
2011-11-02,223200,6,4,1,7
2011-11-03,131600,4,4,1,7
2011-11-04,178800,0,4,1,6
2011-11-05,117700,2,4,0,4
2011-11-06,121000,3,4,0,0
2011-11-07,39500,1,2,0,1
2011-11-08,112300,5,4,1,3
2011-11-09,141300,6,4,1,7
2011-11-10,121900,4,4,1,7
2011-11-11,102200,0,4,1,6
2011-11-13,45100,3,4,0,1
2011-11-14,36300,1,4,1,3
2011-11-15,100000,5,4,1,7
2011-11-16,78000,6,4,1,7
2011-11-17,125700,4,4,1,7
2011-11-18,134800,0,4,1,6
2011-11-19,63600,2,4,0,4
2011-11-20,116800,3,4,0,1
2011-11-21,135900,1,4,1,3
2011-11-22,90700,5,4,1,7
2011-11-23,87700,6,4,1,7
2011-11-24,75500,4,4,1,7
2011-11-25,109400,0,4,1,6
2011-11-26,175800,2,4,0,4
2011-11-27,45700,3,4,0,1
2011-11-28,96400,1,4,1,3
2011-11-29,115300,5,4,1,7
2011-11-30,119200,6,4,1,7
2011-12-01,122800,4,4,1,7
2011-12-02,180900,0,4,1,6
2011-12-03,132000,2,4,0,4
2011-12-04,253700,3,4,0,1
2011-12-05,211700,1,4,1,2
2011-12-06,190200,5,2,0,5
2011-12-07,127600,6,4,1,3
2011-12-08,106000,4,4,1,7
2011-12-09,168200,0,4,1,6
2011-12-10,154900,2,4,0,4
2011-12-11,105300,3,4,0,1
2011-12-12,144100,1,4,1,3
2011-12-13,83000,5,4,1,7
2011-12-14,114200,6,4,1,7
2011-12-15,188200,4,4,1,7
2011-12-16,95600,0,4,1,6
2011-12-17,213000,2,4,0,4
2011-12-18,98600,3,4,0,1
2011-12-19,112700,1,4,1,3
2011-12-20,146900,5,4,1,7
2011-12-21,102600,6,4,1,7
2011-12-22,186800,4,4,1,7
2011-12-23,234600,0,4,1,6
2011-12-24,90000,2,4,0,4
2011-12-25,128900,3,0,0,1
2011-12-26,220100,1,4,1,3
2011-12-27,120500,5,4,1,7
2011-12-28,88800,6,4,1,7
2011-12-29,116000,4,4,1,7
2011-12-30,40800,0,4,1,6
2011-12-31,66200,2,4,0,4
2012-01-01,193800,3,0,0,1
2012-01-02,93300,3,0,0,1
2012-01-03,141900,3,0,0,1
2012-01-04,206800,3,0,0,1
2012-01-05,281800,3,0,0,1
2012-01-06,96900,3,0,0,1
2012-01-07,128300,2,4,0,4
2012-01-08,119100,3,4,0,1
2012-01-09,166600,3,4,0,1
2012-01-10,208000,3,4,0,1
2012-01-11,200200,3,4,0,1
2012-01-12,151900,3,4,0,1
2012-01-13,62700,3,4,0,1
2012-01-14,136200,2,4,0,4
2012-01-15,114600,3,1,0,0
2012-01-16,159700,1,1,0,0
2012-01-17,130500,5,1,0,1
2012-01-18,204300,5,1,0,1
2012-01-19,141400,5,1,0,1
2012-01-20,150300,5,1,0,1
2012-01-21,193200,2,4,0,4
2012-01-22,106900,3,4,0,1
2012-01-23,235900,3,4,0,1
2012-01-24,114700,3,4,0,1
2012-01-25,190900,3,4,0,1
2012-01-26,137800,4,3,0,5
2012-01-27,123100,4,3,0,5
2012-01-28,137700,2,4,0,4
2012-01-29,157600,3,4,0,1
2012-01-30,241700,3,4,0,1
2012-01-31,157700,3,4,0,1
2012-02-01,173900,3,4,0,1
2012-02-02,217300,3,4,0,1
2012-02-03,208300,3,4,0,1
2012-02-04,126500,2,4,0,4
2012-02-05,148800,3,2,0,1
2012-02-06,111100,3,2,0,1
2012-02-07,184600,3,2,0,1
2012-02-08,196800,3,2,0,1
2012-02-09,176100,3,2,0,1
2012-02-10,234500,3,2,0,1
2012-02-11,261200,2,4,0,4
2012-02-12,169900,3,4,0,1
2012-02-13,175100,3,4,0,1
2012-02-14,182900,3,4,0,1
2012-02-15,277100,3,4,0,1
2012-02-16,153000,3,4,0,1
2012-02-17,162000,3,4,0,1
2012-02-18,107600,2,4,0,4
2012-02-19,58900,3,4,0,1
2012-02-20,15600,3,4,0,1
2012-02-21,207300,3,4,0,1
2012-02-22,107300,3,4,0,1
2012-02-23,122200,3,4,0,1
2012-02-24,101600,3,4,0,1
2012-02-25,154300,2,4,0,4
2012-02-26,134900,3,4,0,1
2012-02-27,110200,3,4,0,1
2012-02-28,219900,3,4,0,1
2012-02-29,146100,3,4,0,1
2012-03-01,47200,3,4,0,1
2012-03-02,12000,3,4,0,1
2012-03-03,185100,2,4,0,4
2012-03-04,140900,3,4,0,1
2012-03-05,123300,3,4,0,1
2012-03-06,273300,3,4,0,1
2012-03-07,159200,3,4,0,1
2012-03-08,117100,3,4,0,1
2012-03-09,199100,3,4,0,1
2012-03-10,163900,2,4,0,4
2012-03-11,106400,3,4,0,1
2012-03-12,163300,3,4,0,1
2012-03-13,195500,3,4,0,1
2012-03-14,241400,3,4,0,1
2012-03-15,224200,3,4,0,1
2012-03-16,126500,3,4,0,1
2012-03-17,145800,2,4,0,4
2012-03-18,94900,3,4,0,1
2012-03-19,93800,3,4,0,1
2012-03-20,225800,3,4,0,1
2012-03-21,119000,3,4,0,1
2012-03-22,253800,3,4,0,1
2012-03-23,124400,0,1,0,4
2012-03-24,156100,2,4,0,0
2012-03-25,144000,3,4,0,1
2012-03-26,153900,3,4,0,1
2012-03-27,81100,3,4,0,1
2012-03-28,84600,3,4,0,1
2012-03-29,118700,3,4,0,1
2012-03-30,210400,3,4,0,1
2012-03-31,237000,2,4,0,4
2012-04-01,181500,3,4,0,1
2012-04-02,154100,3,4,0,1
2012-04-03,229900,3,4,0,1
2012-04-04,264200,3,4,0,1
2012-04-05,183300,4,1,0,4
2012-04-06,142500,0,0,0,0
2012-04-07,146600,2,4,0,0
2012-04-08,127800,3,4,0,1
2012-04-09,197500,3,4,0,1
2012-04-10,295100,3,4,0,1
2012-04-11,257600,3,4,0,1
2012-04-12,145700,3,4,0,1
2012-04-13,225600,0,1,0,4
2012-04-14,285300,2,4,0,0
2012-04-15,308400,3,4,0,1
2012-04-16,82300,3,4,0,1
2012-04-17,38000,3,4,0,1
2012-04-18,75700,3,4,0,1
2012-04-19,126700,3,4,0,1
2012-04-20,112200,3,4,0,1
2012-04-21,200800,2,4,0,4
2012-04-22,135700,3,4,0,1
2012-04-23,96800,3,4,0,1
2012-04-24,121000,3,4,0,1
2012-04-25,86600,3,4,0,1
2012-04-26,172500,3,4,0,1
2012-04-27,203000,3,4,0,1
2012-04-28,128000,2,4,0,4
2012-04-29,73000,3,4,0,1
2012-04-30,30600,3,4,0,1
2012-05-01,154300,5,3,0,5
2012-05-02,169800,5,3,0,5
2012-05-03,124300,5,3,0,5
2012-05-04,174000,5,3,0,5
2012-05-05,55500,2,4,0,4
2012-05-06,88700,3,4,0,1
2012-05-07,146900,3,4,0,1
2012-05-08,166700,3,4,0,1
2012-05-09,182700,3,4,0,1
2012-05-10,210500,3,4,0,1
2012-05-11,193300,3,4,0,1
2012-05-12,116700,2,4,0,4
2012-05-13,195600,3,4,0,1
2012-05-14,155500,3,4,0,1
2012-05-15,179200,3,4,0,1
2012-05-16,174700,3,4,0,1
2012-05-17,207600,3,4,0,1
2012-05-18,180200,3,4,0,1
2012-05-19,125200,3,4,0,1
2012-05-20,124900,3,4,0,4
2012-05-21,84400,1,4,0,1
2012-05-22,156300,1,4,0,1
2012-05-23,245700,1,4,0,1
2012-05-24,140900,1,4,0,1
2012-05-25,171300,1,4,0,1
2012-05-26,182000,2,4,0,4
2012-05-27,112200,3,4,0,1
2012-05-28,165600,3,4,0,1
2012-05-29,205500,3,4,0,1
2012-05-30,158600,3,4,0,1
2012-05-31,185100,3,4,0,1
2012-06-01,135600,3,4,0,1
2012-06-02,108000,2,4,0,4
2012-06-03,71300,3,4,0,1
2012-06-04,44400,3,4,0,1
2012-06-05,170100,3,4,0,1
2012-06-06,170400,3,4,0,1
2012-06-07,284800,3,4,0,1
2012-06-08,292000,3,4,0,1
2012-06-09,211600,2,4,0,4
2012-06-10,256000,3,4,0,1
2012-06-11,221200,3,4,0,1
2012-06-12,456400,3,4,0,1
2012-06-13,205100,3,4,0,1
2012-06-14,150700,3,4,0,1
2012-06-15,327300,3,4,0,1
2012-06-16,268600,2,4,0,4
2012-06-17,174700,3,4,0,1
2012-06-18,229200,3,4,0,1
2012-06-19,273900,3,4,0,1
2012-06-20,271800,3,4,0,1
2012-06-21,308800,3,4,0,1
2012-06-22,157800,3,4,0,1
2012-06-23,88900,2,4,0,4
2012-06-24,39100,3,4,0,1
2012-06-25,261900,3,4,0,1
2012-06-26,215200,3,4,0,1
2012-06-27,92800,3,4,0,1
2012-06-28,104700,3,4,0,1
2012-06-29,208500,3,4,0,1
2012-06-30,124600,2,4,0,4
2012-07-01,410800,3,4,0,1
2012-07-02,257900,3,4,0,1
2012-07-03,290000,3,4,0,1
2012-07-04,138600,3,4,0,1
2012-07-05,271700,3,4,0,1
2012-07-06,157300,3,4,0,1
2012-07-07,227300,2,4,0,4
2012-07-08,175500,3,4,0,1
2012-07-09,283700,3,4,0,1
2012-07-10,382000,3,4,0,1
2012-07-11,182900,3,4,0,1
2012-07-12,168700,3,4,0,1
2012-07-13,200500,3,4,0,1
2012-07-14,195700,2,4,0,4
2012-07-15,203500,3,4,0,1
2012-07-16,239000,3,4,0,1
2012-07-17,248900,3,4,0,1
2012-07-18,123500,3,4,0,1
2012-07-19,126800,3,4,0,1
2012-07-20,86100,3,4,0,1
2012-07-21,131700,2,4,0,4
2012-07-22,93700,3,4,0,1
2012-07-23,100200,3,4,0,1
2012-07-24,196000,3,4,0,1
2012-07-25,377600,3,4,0,1
2012-07-26,150600,3,4,0,1
2012-07-27,53400,3,4,0,1
2012-07-28,95000,2,4,0,4
2012-07-29,86900,3,4,0,1
2012-07-30,89400,3,4,0,1
2012-07-31,179800,3,4,0,1
2012-08-01,269000,3,4,0,1
2012-08-02,142300,3,4,0,1
2012-08-03,220900,3,4,0,1
2012-08-04,268700,2,4,0,4
2012-08-05,112800,3,4,0,1
2012-08-06,142700,3,4,0,1
2012-08-07,176800,3,4,0,1
2012-08-08,163800,3,4,0,1
2012-08-09,170700,3,4,0,1
2012-08-10,119100,3,4,0,1
2012-08-11,30300,2,4,0,4
2012-08-12,67500,3,4,0,1
2012-08-13,105600,3,4,0,1
2012-08-14,150500,3,4,0,1
2012-08-15,200700,6,3,0,5
2012-08-16,178900,6,3,0,5
2012-08-17,80400,6,3,0,5
2012-08-19,137000,3,4,0,0
2012-08-20,157900,1,2,0,1
2012-08-21,8200,1,2,0,1
2012-08-22,164400,1,2,0,1
2012-08-23,136900,1,2,0,1
2012-08-24,201100,1,2,0,1
2012-08-25,210600,2,4,0,4
2012-08-26,152000,3,4,0,1
2012-08-27,134100,3,4,0,1
2012-08-28,105700,3,4,0,1
2012-08-29,154000,3,4,0,1
2012-08-30,137900,3,4,0,1
2012-08-31,146900,3,4,0,1
2012-09-01,216400,2,4,0,4
2012-09-02,365100,3,4,0,1
2012-09-03,187100,3,4,0,1
2012-09-04,245200,3,4,0,1
2012-09-05,274900,3,4,0,1
2012-09-06,193400,3,4,0,1
2012-09-07,368700,3,4,0,1
2012-09-08,315100,2,4,0,4
2012-09-09,303100,3,4,0,1
2012-09-10,182900,3,4,0,1
2012-09-11,202800,3,4,0,1
2012-09-12,419700,3,4,0,1
2012-09-13,344100,3,4,0,1
2012-09-14,322400,3,4,0,1
2012-09-15,217400,2,4,0,4
2012-09-16,373100,3,4,0,1
2012-09-17,343000,3,4,0,1
2012-09-18,321000,3,4,0,1
2012-09-19,219700,6,1,0,5
2012-09-20,237300,6,1,0,5
2012-09-21,216300,6,1,0,5
2012-09-22,130200,2,4,0,4
2012-09-23,179500,3,4,0,1
2012-09-24,148000,3,4,0,1
2012-09-25,256500,3,4,0,1
2012-09-26,296200,3,4,0,1
2012-09-27,255000,3,4,0,1
2012-09-28,185700,3,4,0,1
2012-09-29,167500,2,4,0,4
2012-09-30,219800,3,4,0,1
2012-10-01,430900,3,4,0,1
2012-10-02,347000,5,3,0,5
2012-10-03,339700,5,3,0,5
2012-10-04,229300,5,3,0,5
2012-10-05,267700,5,3,0,5
2012-10-06,324600,2,4,0,4
2012-10-07,230400,3,4,0,1
2012-10-08,221800,3,4,0,1
2012-10-09,281500,3,4,0,1
2012-10-10,361100,3,4,0,1
2012-10-11,361400,3,4,0,1
2012-10-12,262600,3,4,0,1
2012-10-13,270700,2,4,0,4
2012-10-14,207800,3,4,0,1
2012-10-15,293400,3,4,0,1
2012-10-16,310400,3,4,0,1
2012-10-17,252100,3,4,0,1
2012-10-18,244700,3,4,0,1
2012-10-19,174200,3,4,0,1
2012-10-20,264400,2,4,0,4
2012-10-21,341100,3,4,0,1
2012-10-22,174100,3,4,0,1
2012-10-23,278600,5,1,0,4
2012-10-24,221600,6,1,0,1
2012-10-25,226400,6,1,0,1
2012-10-26,297100,6,1,0,1
2012-10-27,148600,2,2,0,4
2012-10-28,185600,3,4,0,1
2012-10-29,157300,3,4,0,1
2012-10-30,150400,3,4,0,1
2012-10-31,231300,3,4,0,1
2012-11-01,353300,3,4,0,1
2012-11-02,330100,3,4,0,1
2012-11-03,318300,2,4,0,4
2012-11-04,242300,3,4,0,1
2012-11-05,394100,3,4,0,1
2012-11-06,300200,3,4,0,1
2012-11-07,392100,3,4,0,1
2012-11-08,302800,3,4,0,1
2012-11-09,318100,3,4,0,1
2012-11-10,491800,2,4,0,4
2012-11-11,466800,3,4,0,1
2012-11-12,451200,3,4,0,1
2012-11-13,374200,5,1,0,5
2012-11-14,185500,5,1,0,5
2012-11-15,246100,5,1,0,5
2012-11-16,346900,5,1,0,5
2012-11-17,232400,2,4,0,4
2012-11-19,332800,3,4,0,1
2012-11-20,277800,3,4,0,1
2012-11-21,286200,3,4,0,1
2012-11-22,234400,3,4,0,1
2012-11-23,261500,3,4,0,1
2012-11-24,252200,2,4,0,4
2012-11-25,212700,3,2,0,1
2012-11-26,290600,3,2,0,1
2012-11-27,272400,3,2,0,1
2012-11-28,153100,3,2,0,1
2012-11-29,288100,3,2,0,1
2012-11-30,340700,3,2,0,1
2012-12-01,433100,2,4,0,4
2012-12-02,432600,3,4,0,1
2012-12-03,398200,3,4,0,1
2012-12-04,446000,3,4,0,1
2012-12-05,383800,3,4,0,1
2012-12-06,268300,3,4,0,1
2012-12-07,369100,3,4,0,1
2012-12-08,362300,2,4,0,4
2012-12-09,327800,3,4,0,1
2012-12-10,300700,3,4,0,1
2012-12-11,325300,3,4,0,1
2012-12-12,366200,3,4,0,1
2012-12-13,338800,3,4,0,1
2012-12-14,308600,3,4,0,1
2012-12-15,406200,2,4,0,4
2012-12-16,349100,3,4,0,1
2012-12-17,291300,3,4,0,1
2012-12-18,241900,3,4,0,1
2012-12-19,226200,3,4,0,1
2012-12-20,287200,3,4,0,1
2012-12-21,304600,3,4,0,1
2012-12-22,436000,2,4,0,4
2012-12-23,220700,3,4,0,1
2012-12-24,363900,3,4,0,1
2012-12-25,235400,5,0,0,5
2012-12-26,210800,5,0,0,5
2012-12-27,343200,5,0,0,5
2012-12-28,468700,5,0,0,5
2012-12-29,264300,2,4,0,4
2012-12-30,376000,3,4,0,1
2012-12-31,364300,3,4,0,1
2013-01-01,429200,5,0,0,5
2013-01-02,401000,6,4,1,3
2013-01-03,314800,4,4,1,7
2013-01-04,356900,0,4,1,4
2013-01-05,148800,2,4,0,1
2013-01-06,307200,3,4,0,3
2013-01-07,273500,1,4,1,7
2013-01-08,242600,5,4,1,7
2013-01-09,215300,6,4,1,7
2013-01-10,336000,4,4,1,7
2013-01-11,341600,0,4,1,6
2013-01-12,329300,2,4,0,0
2013-01-13,289800,3,4,0,0
2013-01-14,268900,1,1,0,0
2013-01-15,261100,5,1,0,0
2013-01-16,378500,6,1,0,1
2013-01-17,324400,4,4,1,3
2013-01-18,254400,0,4,1,6
2013-01-19,248100,2,4,0,4
2013-01-20,222900,3,4,0,1
2013-01-21,393900,1,4,1,3
2013-01-22,310100,5,4,1,7
2013-01-23,329200,6,4,1,7
2013-01-24,350400,4,4,1,6
2013-01-25,228200,0,2,0,4
2013-01-26,128800,2,3,0,0
2013-01-27,197100,3,4,0,0
2013-01-28,494200,1,4,1,3
2013-01-29,378100,5,4,1,7
2013-01-30,211500,6,4,1,7
2013-01-31,297000,4,4,1,7
2013-02-01,469500,0,4,1,6
2013-02-02,289000,2,4,0,4
2013-02-03,338700,3,4,0,1
2013-02-04,231400,1,4,1,3
2013-02-05,367000,5,4,1,7
2013-02-06,235900,6,4,1,7
2013-02-07,597700,4,4,1,7
2013-02-08,234200,0,4,1,6
2013-02-09,139000,2,4,0,4
2013-02-10,407900,3,4,0,1
2013-02-11,292200,1,4,1,3
2013-02-12,459000,5,4,1,7
2013-02-13,282300,6,4,1,7
2013-02-14,282700,4,4,1,7
2013-02-15,297300,0,4,1,6
2013-02-16,234100,2,4,0,4
2013-02-17,381000,3,4,0,1
2013-02-18,293600,1,4,1,3
2013-02-19,241100,5,4,1,7
2013-02-20,380200,6,4,1,7
2013-02-21,192900,4,4,1,7
2013-02-22,194300,0,4,1,6
2013-02-23,175300,2,4,0,4
2013-02-24,243100,3,4,0,1
2013-02-25,391600,1,4,1,3
2013-02-26,304200,5,4,1,7
2013-02-27,338000,6,4,1,7
2013-02-28,457200,4,4,1,7
2013-03-01,245300,0,4,1,6
2013-03-02,122300,2,4,0,4
2013-03-03,201000,3,4,0,1
2013-03-04,319700,1,4,1,3
2013-03-05,253100,5,4,1,7
2013-03-06,286800,6,4,1,7
2013-03-07,308500,4,4,1,7
2013-03-08,275000,0,4,1,6
2013-03-09,379300,2,4,0,4
2013-03-10,304000,3,4,0,3
2013-03-11,263700,1,4,1,3
2013-03-12,426200,5,4,1,7
2013-03-13,286400,6,4,1,7
2013-03-14,337800,4,4,1,7
2013-03-15,453000,0,4,1,6
2013-03-16,331100,2,4,0,4
2013-03-17,305200,3,4,0,1
2013-03-18,313500,1,4,1,3
2013-03-19,207400,5,4,1,7
2013-03-20,444200,6,4,1,7
2013-03-21,272700,4,4,1,7
2013-03-22,257000,0,4,1,6
2013-03-23,219300,2,4,0,4
2013-03-24,269600,3,4,0,1
2013-03-25,295700,1,4,1,3
2013-03-26,254200,5,4,1,7
2013-03-27,91200,6,4,1,7
2013-03-28,360000,4,4,1,6
2013-03-29,361100,0,0,0,4
2013-03-30,388500,2,4,0,0
2013-03-31,379800,3,4,0,1
2013-04-01,377700,1,4,1,3
2013-04-02,404600,5,4,1,7
2013-04-03,297700,6,4,1,7
2013-04-04,297500,4,4,1,7
2013-04-05,400200,0,4,1,6
2013-04-06,222900,2,4,0,4
2013-04-07,370000,3,4,0,1
2013-04-08,295600,1,4,1,3
2013-04-09,274600,5,4,1,7
2013-04-10,458200,6,4,1,6
2013-04-11,403300,4,1,0,5
2013-04-12,319500,0,4,1,2
2013-04-13,263200,2,4,0,4
2013-04-14,233300,3,3,0,1
2013-04-15,337000,1,4,1,3
2013-04-16,443400,5,4,1,7
2013-04-17,228400,6,4,1,7
2013-04-18,148500,4,4,1,7
2013-04-19,332900,0,4,1,6
2013-04-20,389200,2,4,0,4
2013-04-21,240800,3,4,0,1
2013-04-22,211900,1,4,1,3
2013-04-23,360600,5,4,1,6
2013-04-24,309300,6,1,0,5
2013-04-25,282300,4,4,1,3
2013-04-26,309600,0,4,1,6
2013-04-27,475300,2,4,0,4
2013-04-28,307000,3,4,0,1
2013-04-29,310500,1,4,1,3
2013-04-30,460800,5,4,1,6
2013-05-01,355500,6,3,0,5
2013-05-02,236800,4,4,1,3
2013-05-03,575300,0,4,1,6
2013-05-04,276500,2,4,0,4
2013-05-05,572600,3,4,0,1
2013-05-06,197500,1,4,1,3
2013-05-07,210700,5,4,1,7
2013-05-08,450400,6,4,1,7
2013-05-09,348900,4,4,1,7
2013-05-10,315400,0,4,1,6
2013-05-11,338400,2,4,0,4
2013-05-12,329000,3,4,0,1
2013-05-13,423000,1,4,1,3
2013-05-14,405000,5,4,1,7
2013-05-15,357900,6,4,1,7
2013-05-16,291200,4,4,1,7
2013-05-17,169300,0,4,1,6
2013-05-18,443200,2,4,0,4
2013-05-19,321500,3,4,0,1
2013-05-20,262300,1,4,1,3
2013-05-21,425500,5,4,1,7
2013-05-22,425400,6,4,1,7
2013-05-23,327100,4,4,1,7
2013-05-24,283000,0,4,1,6
2013-05-25,136900,2,1,0,4
2013-05-27,102500,1,4,1,3
2013-05-28,191300,5,4,1,7
2013-05-29,219200,6,4,1,7
2013-05-30,289500,4,4,1,7
2013-05-31,401400,0,4,1,6
2013-06-01,431100,2,4,0,4
2013-06-02,467400,3,4,0,1
2013-06-03,328600,1,4,1,3
2013-06-04,408100,5,4,1,7
2013-06-05,288500,6,4,1,7
2013-06-06,293400,4,4,1,7
2013-06-07,209700,0,4,1,6
2013-06-08,473500,2,4,0,4
2013-06-09,379000,3,4,0,1
2013-06-10,309600,1,4,1,3
2013-06-11,484000,5,4,1,7
2013-06-12,341500,6,4,1,7
2013-06-13,325500,4,4,1,7
2013-06-14,382900,0,4,1,6
2013-06-15,421900,2,4,0,4
2013-06-16,332700,3,4,0,1
2013-06-17,387200,1,4,1,3
2013-06-18,397300,5,4,1,7
2013-06-19,344000,6,4,1,7
2013-06-20,557700,4,4,1,7
2013-06-21,268600,0,4,1,6
2013-06-22,463800,2,4,0,4
2013-06-23,179800,3,4,0,1
2013-06-24,218800,1,4,1,3
2013-06-25,196000,5,4,1,7
2013-06-26,162100,6,4,1,7
2013-06-27,346000,4,4,1,7
2013-06-28,320800,0,4,1,6
2013-06-29,407100,2,4,0,4
2013-06-30,425600,3,4,0,1
2013-07-01,273400,1,4,1,3
2013-07-02,342500,5,4,1,7
2013-07-03,426300,6,4,1,7
2013-07-04,568600,4,4,1,7
2013-07-05,375400,0,4,1,6
2013-07-06,334300,2,4,0,4
2013-07-07,531100,3,4,0,1
2013-07-08,328400,1,4,1,3
2013-07-09,509900,5,4,1,7
2013-07-10,471700,6,4,1,7
2013-07-11,357200,4,4,1,7
2013-07-12,280600,0,4,1,6
2013-07-13,285500,2,4,0,4
2013-07-14,175200,3,4,0,1
2013-07-15,341500,1,4,1,3
2013-07-16,475300,5,4,1,7
2013-07-17,517800,6,4,1,7
2013-07-18,431200,4,4,1,7
2013-07-19,484700,0,4,1,6
2013-07-20,227200,2,4,0,4
2013-07-21,379800,3,4,0,1
2013-07-22,295800,1,4,1,3
2013-07-23,218800,5,4,1,7
2013-07-24,285600,6,4,1,7
2013-07-25,272700,4,4,1,7
2013-07-26,295200,0,4,1,6
2013-07-27,199700,2,4,0,4
2013-07-28,324400,3,4,0,1
2013-07-29,297400,1,4,1,3
2013-07-30,259700,5,4,1,7
2013-07-31,240500,6,4,1,7
2013-08-01,495900,4,4,1,7
2013-08-02,586900,0,4,1,6
2013-08-03,292900,2,4,0,4
2013-08-04,373100,3,4,0,1
2013-08-05,362800,1,4,1,3
2013-08-06,292200,5,4,1,7
2013-08-07,444300,6,4,1,7
2013-08-08,363300,4,4,1,7
2013-08-09,335700,0,4,1,6
2013-08-10,439200,2,4,0,4
2013-08-11,428000,3,4,0,1
2013-08-12,338000,1,4,1,3
2013-08-13,350600,5,4,1,7
2013-08-14,608800,6,4,1,6
2013-08-16,306200,0,4,1,2
2013-08-17,180100,2,4,0,4
2013-08-18,440600,3,4,0,1
2013-08-19,460500,1,4,1,3
2013-08-20,343800,5,4,1,7
2013-08-21,291700,6,4,1,7
2013-08-22,220800,4,4,1,7
2013-08-23,265000,0,4,1,6
2013-08-24,331400,2,4,0,4
2013-08-25,334000,3,4,0,1
2013-08-26,342300,1,4,1,3
2013-08-27,304700,5,4,1,7
2013-08-28,294600,6,4,1,7
2013-08-29,191900,4,4,1,7
2013-08-30,347500,0,4,1,6
2013-08-31,396300,2,4,0,4
2013-09-01,417800,3,4,0,1
2013-09-02,312200,1,4,1,3
2013-09-03,368500,5,4,1,7
2013-09-04,344600,6,4,1,7
2013-09-05,295100,4,4,1,7
2013-09-06,377800,0,4,1,6
2013-09-07,611700,2,4,0,4
2013-09-08,479300,3,4,0,0
2013-09-09,394200,1,1,0,1
2013-09-10,480800,5,4,1,3
2013-09-11,279800,6,4,1,7
2013-09-12,415600,4,4,1,7
2013-09-13,426700,0,4,1,6
2013-09-14,362200,2,4,0,4
2013-09-15,424200,3,4,0,1
2013-09-16,187800,1,4,1,3
2013-09-17,315700,5,4,1,7
2013-09-18,275600,6,4,1,7
2013-09-19,338300,4,4,1,7
2013-09-20,160700,0,4,1,6
2013-09-21,223800,2,4,0,4
2013-09-22,261000,3,4,0,1
2013-09-23,289600,1,4,1,3
2013-09-24,319000,5,4,1,7
2013-09-25,323900,6,4,1,7
2013-09-26,283700,4,4,1,7
2013-09-27,346900,0,4,1,6
2013-09-28,462600,2,4,0,4
2013-09-29,536200,3,4,0,1
2013-09-30,371000,1,4,1,3
2013-10-01,391300,5,4,1,6
2013-10-02,436500,6,3,0,5
2013-10-03,400000,4,4,1,3
2013-10-04,366400,0,4,1,6
2013-10-05,395200,2,4,0,4
2013-10-06,474200,3,4,0,1
2013-10-07,366400,1,4,1,3
2013-10-08,509600,5,4,1,7
2013-10-09,334900,6,4,1,7
2013-10-10,446800,4,4,1,7
2013-10-11,343900,0,4,1,6
2013-10-12,451700,2,4,0,4
2013-10-13,488800,3,4,0,0
2013-10-14,622400,1,1,0,1
2013-10-15,456800,5,4,1,3
2013-10-16,234100,6,4,1,7
2013-10-17,277900,4,4,1,7
2013-10-18,456800,0,4,1,6
2013-10-19,371300,2,4,0,4
2013-10-20,367100,3,4,0,1
2013-10-21,288000,1,4,1,3
2013-10-22,234100,5,4,1,7
2013-10-23,325800,6,4,1,7
2013-10-24,363400,4,4,1,7
2013-10-25,330900,0,4,1,6
2013-10-26,417500,2,4,0,4
2013-10-27,239500,3,4,0,1
2013-10-28,272600,1,4,1,3
2013-10-29,540600,5,4,1,7
2013-10-30,381000,6,4,1,7
2013-10-31,495100,4,4,1,7
2013-11-01,572700,0,4,1,6
2013-11-02,449800,2,4,0,4
2013-11-03,387200,3,1,0,1
2013-11-04,220900,1,4,1,2
2013-11-05,273500,5,2,0,5
2013-11-06,375900,6,4,1,3
2013-11-07,426000,4,4,1,7
2013-11-08,361100,0,4,1,6
2013-11-09,326500,2,4,0,4
2013-11-10,361600,3,4,0,1
2013-11-11,273800,1,4,1,3
2013-11-12,343200,5,4,1,7
2013-11-13,487300,6,4,1,7
2013-11-14,353300,4,4,1,7
2013-11-15,491200,0,4,1,6
2013-11-16,468600,2,4,0,4
2013-11-17,394700,3,4,0,1
2013-11-18,313800,1,4,1,3
2013-11-19,329400,5,4,1,7
2013-11-20,267600,6,4,1,7
2013-11-21,379700,4,4,1,7
2013-11-22,358100,0,4,1,6
2013-11-23,408600,2,4,0,4
2013-11-24,191100,3,4,0,1
2013-11-25,411300,1,4,1,3
2013-11-26,431100,5,4,1,7
2013-11-27,219700,6,4,1,7
2013-11-28,450400,4,4,1,7
2013-11-29,430600,0,4,1,6
2013-11-30,290800,2,4,0,4
2013-12-01,358500,3,4,0,1
2013-12-02,443800,1,4,1,3
2013-12-03,484600,5,4,1,7
2013-12-04,479500,6,4,1,7
2013-12-05,451200,4,4,1,7
2013-12-06,585200,0,4,1,6
2013-12-07,479600,2,4,0,4
2013-12-08,321300,3,4,0,1
2013-12-09,377700,1,4,1,3
2013-12-10,308800,5,4,1,7
2013-12-11,413200,6,4,1,7
2013-12-12,352400,4,4,1,7
2013-12-23,92500,1,4,1,3
2013-12-24,147300,5,4,1,6
2013-12-25,330400,6,0,0,5
2013-12-26,340800,4,4,1,3
2013-12-27,273000,0,4,1,6
2013-12-28,353900,2,4,0,4
2013-12-29,312900,3,4,0,1
2013-12-30,328700,1,4,1,3
2013-12-31,607900,5,4,1,6
2014-01-01,360800,6,0,0,5
2014-01-02,257500,4,4,1,3
2014-01-03,336400,0,4,1,6
2014-01-04,352600,2,4,0,4
2014-01-05,516200,3,4,0,1
2014-01-06,420700,1,4,1,3
2014-01-07,593100,5,4,1,7
2014-01-08,463800,6,4,1,7
2014-01-09,508700,4,4,1,7
2014-01-10,420900,0,4,1,6
2014-01-11,435200,2,4,0,4
2014-01-12,340600,3,4,0,1
2014-01-13,287100,1,4,1,2
2014-01-14,252600,5,1,0,4
2014-01-15,461600,6,1,0,0
2014-01-16,438400,4,1,0,1
2014-01-17,342800,0,4,1,2
2014-01-18,404500,2,4,0,4
2014-01-19,389500,3,4,0,1
2014-01-20,310400,1,4,1,3
2014-01-21,319800,5,4,1,7
2014-01-22,220000,6,4,1,7
2014-01-23,264600,4,4,1,7
2014-01-24,385300,0,4,1,6
2014-01-25,258500,2,4,0,4
2014-01-26,415800,3,3,0,1
2014-01-27,279800,1,4,1,3
2014-01-28,398200,5,4,1,7
2014-01-29,234200,6,4,1,7
2014-01-30,274700,4,4,1,7
2014-01-31,401100,0,4,1,6
2014-02-01,384700,2,4,0,4
2014-02-02,543000,3,4,0,1
2014-02-03,344200,1,4,1,3
2014-02-04,540000,5,4,1,7
2014-02-05,354500,6,4,1,7
2014-02-06,335000,4,4,1,7
2014-02-07,545900,0,4,1,6
2014-02-08,385900,2,4,0,4
2014-02-09,175500,3,4,0,1
2014-02-10,316100,1,4,1,3
2014-02-11,396100,5,4,1,7
2014-02-12,485800,6,4,1,7
2014-02-13,361600,4,4,1,7
2014-02-14,559300,0,4,1,6
2014-02-15,400300,2,4,0,4
2014-02-16,376100,3,4,0,1
2014-02-17,259100,1,4,1,3
2014-02-18,377600,5,4,1,7
2014-02-19,401700,6,4,1,7
2014-02-20,363200,4,4,1,7
2014-02-21,484400,0,4,1,6
2014-02-22,316300,2,4,0,4
2014-02-23,310700,3,4,0,1
2014-02-24,301000,1,4,1,3
2014-02-25,271300,5,4,1,7
2014-02-26,222100,6,4,1,7
2014-02-27,266000,4,4,1,7
2014-02-28,453000,0,4,1,6
2014-03-01,573800,2,4,0,4
2014-03-02,478400,3,4,0,1
2014-03-03,547600,1,4,1,3
2014-03-04,563500,5,4,1,7
2014-03-05,460500,6,4,1,7
2014-03-06,391000,4,4,1,7
2014-03-07,428200,0,4,1,6
2014-03-08,683500,2,4,0,4
2014-03-09,350000,3,4,0,1
2014-03-10,423900,1,4,1,3
2014-03-11,339300,5,4,1,7
2014-03-12,406600,6,4,1,7
2014-03-13,305100,4,4,1,7
2014-03-14,333300,0,4,1,6
2014-03-15,489000,2,4,0,4
2014-03-16,368300,3,4,0,1
2014-03-17,118800,1,4,1,3
2014-03-18,360200,5,4,1,7
2014-03-19,455000,6,4,1,7
2014-03-20,422700,4,4,1,7
2014-03-21,357500,0,4,1,6
2014-03-22,238300,2,4,0,4
2014-03-23,288900,3,4,0,1
2014-03-24,338200,1,4,1,3
2014-03-25,372700,5,4,1,7
2014-03-26,468900,6,4,1,7
2014-03-27,510400,4,4,1,7
2014-03-28,378700,0,4,1,6
2014-03-29,356900,2,4,0,4
2014-03-30,340100,3,4,0,0
2014-03-31,765300,1,1,0,1
2014-04-02,313900,6,4,1,7
2014-04-03,423800,4,4,1,7
2014-04-04,478100,0,4,1,6
2014-04-05,401700,2,4,0,4
2014-04-06,360500,3,4,0,1
2014-04-07,462300,1,4,1,3
2014-04-08,476200,5,4,1,7
2014-04-09,408700,6,4,1,7
2014-04-10,637200,4,4,1,7
2014-04-11,441100,0,4,1,6
2014-04-12,439100,2,4,0,4
2014-04-13,257900,3,1,0,0
2014-04-14,126200,1,1,0,1
2014-04-15,200600,5,4,1,3
2014-04-16,499800,6,4,1,7
2014-04-17,472100,4,4,1,6
2014-04-18,413600,0,0,0,4
2014-04-19,372300,2,4,0,0
2014-04-20,361100,3,4,0,1
2014-04-21,322500,1,4,1,3
2014-04-22,439100,5,4,1,7
2014-04-23,371700,6,4,1,7
2014-04-24,29300,4,4,1,7
2014-04-25,331000,0,4,1,6
2014-04-26,511300,2,4,0,4
2014-04-27,254000,3,4,0,1
2014-04-28,295200,1,4,1,3
2014-04-29,374100,5,4,1,7
2014-04-30,361500,6,4,1,6
2014-05-01,349200,4,3,0,5
2014-05-02,473000,0,4,1,2
2014-05-03,248200,2,4,0,4
2014-05-04,340500,3,4,0,1
2014-05-05,190900,1,4,1,3
2014-05-06,155700,5,4,1,7
2014-05-07,376700,6,4,1,7
2014-05-08,298800,4,4,1,7
2014-05-09,145900,0,4,1,6
2014-05-10,369500,2,4,0,4
2014-05-11,203300,3,4,0,1
2014-05-12,269600,1,4,1,3
2014-05-13,404800,5,4,1,7
2014-05-14,398400,6,4,1,7
2014-05-15,208600,4,4,1,7
2014-05-16,381900,0,4,1,6
2014-05-17,314500,2,4,0,4
2014-05-18,402100,3,4,0,1
2014-05-19,317200,1,4,1,3
2014-05-20,359700,5,4,1,7
2014-05-21,415100,6,4,1,7
2014-05-22,277200,4,4,1,7
2014-05-23,205200,0,4,1,6
2014-05-24,480300,2,4,0,4
2014-05-25,418700,3,4,0,1
2014-05-26,421500,1,4,1,3
2014-05-27,492600,5,4,1,7
2014-05-28,321100,6,4,1,7
2014-05-29,561100,4,4,1,7
2014-05-30,341900,0,4,1,6
2014-05-31,340000,2,4,0,4
2014-06-01,395500,3,4,0,1
2014-06-02,639000,1,4,1,3
2014-06-03,364400,5,4,1,7
2014-06-04,334900,6,4,1,7
2014-06-05,519100,4,4,1,7
2014-06-06,442000,0,4,1,6
2014-06-07,566200,2,4,0,4
2014-06-08,302600,3,4,0,1
2014-06-09,482500,1,4,1,3
2014-06-10,544900,5,4,1,7
2014-06-11,452800,6,4,1,7
2014-06-12,374100,4,4,1,7
2014-06-13,337400,0,4,1,6
2014-06-14,353900,2,4,0,4
2014-06-15,441700,3,4,0,1
2014-06-16,284100,1,4,1,3
2014-06-17,331000,5,4,1,7
2014-06-18,250800,6,4,1,7
2014-06-19,351900,4,4,1,7
2014-06-20,330000,0,4,1,6
2014-06-21,191000,2,4,0,4
2014-06-22,263400,3,4,0,1
2014-06-23,270000,1,4,1,3
2014-06-24,293300,5,4,1,7
2014-06-25,344400,6,4,1,7
2014-06-26,259800,4,4,1,7
2014-06-27,297700,0,4,1,6
2014-06-28,382600,2,4,0,4
2014-06-29,317400,3,4,0,1
2014-06-30,344000,1,4,1,3
2014-07-01,699500,5,4,1,7
2014-07-02,229700,6,4,1,7
2014-07-03,255000,4,4,1,7
2014-07-04,425200,0,4,1,6
2014-07-05,229300,2,4,0,4
2014-07-06,268100,3,4,0,1
2014-07-07,378700,1,4,1,3
2014-07-08,292100,5,4,1,7
2014-07-09,327100,6,4,1,7
2014-07-10,364800,4,4,1,7
2014-07-11,266800,0,4,1,6
2014-07-12,333700,2,4,0,4
2014-07-13,448200,3,4,0,1
2014-07-14,337300,1,4,1,3
2014-07-15,244800,5,4,1,7
2014-07-16,401600,6,4,1,7
2014-07-17,360600,4,4,1,7
2014-07-18,351700,0,4,1,6
2014-07-19,380500,2,4,0,4
2014-07-20,326600,3,4,0,1
2014-07-21,300400,1,4,1,3
2014-07-22,326200,5,4,1,7
2014-07-23,350400,6,4,1,7
2014-07-24,386600,4,4,1,7
2014-07-25,404600,0,4,1,6
2014-07-26,316900,2,4,0,4
2014-07-27,204100,3,4,0,1
2014-07-28,332000,1,4,1,2
2014-07-29,164900,5,2,0,5
2014-07-30,288000,6,4,1,3
2014-07-31,424100,4,4,1,7
2014-08-01,528200,0,4,1,6
2014-08-02,551300,2,4,0,4
2014-08-03,99600,3,4,0,1
2014-08-04,639200,1,4,1,3
2014-08-05,594800,5,4,1,7
2014-08-06,525100,6,4,1,7
2014-08-07,443700,4,4,1,7
2014-08-08,540500,0,4,1,6
2014-08-09,266000,2,4,0,4
2014-08-11,137000,1,4,1,3
2014-08-12,281000,5,4,1,7
2014-08-13,92200,6,4,1,7
2014-08-14,399500,4,4,1,6
2014-08-15,308200,0,3,0,4
2014-08-16,369700,2,4,0,0
2014-08-17,390400,3,1,0,1
2014-08-18,189600,1,4,1,3
2014-08-19,328100,5,4,1,7
2014-08-20,352000,6,4,1,7
2014-08-21,292200,4,4,1,7
2014-08-22,398800,0,4,1,6
2014-08-23,335100,2,4,0,4
2014-08-24,314300,3,4,0,1
2014-08-25,246400,1,4,1,3
2014-08-26,224100,5,4,1,7
2014-08-27,369100,6,4,1,7
2014-08-28,555400,4,4,1,6
2014-08-29,201000,0,1,0,4
2014-08-30,272600,2,4,0,0
2014-08-31,289700,3,4,0,1
2014-09-01,557000,1,4,1,3
2014-09-02,390700,5,4,1,7
2014-09-03,415600,6,4,1,7
2014-09-04,493500,4,4,1,7
2014-09-05,437300,0,4,1,6
2014-09-06,360100,2,4,0,4
2014-09-07,334800,3,4,0,1
2014-09-08,362800,1,4,1,3
2014-09-09,481500,5,4,1,7
2014-09-10,438400,6,4,1,7
2014-09-11,439900,4,4,1,7
2014-09-12,490600,0,4,1,6
2014-09-13,505500,2,4,0,4
2014-09-14,452400,3,4,0,1
2014-09-15,336000,1,4,1,3
2014-09-16,323100,5,4,1,7
2014-09-17,381300,6,4,1,7
2014-09-18,348600,4,4,1,7
2014-09-19,336300,0,4,1,6
2014-09-20,288100,2,4,0,4
2014-09-21,396000,3,4,0,1
2014-09-22,146000,1,4,1,3
2014-09-23,514800,5,4,1,7
2014-09-24,367800,6,4,1,7
2014-09-25,275500,4,4,1,7
2014-09-26,408800,0,4,1,6
2014-09-27,409000,2,4,0,4
2014-09-28,212400,3,4,0,1
2014-09-29,125200,1,4,1,3
2014-09-30,467000,5,4,1,7
2014-10-01,671600,6,4,1,6
2014-10-02,134200,4,3,0,4
2014-10-03,200,0,1,0,0
2014-10-04,190500,2,4,0,0
2014-10-05,220800,3,2,0,1
2014-10-07,291600,5,4,1,7
2014-10-08,564600,6,4,1,7
2014-10-09,501200,4,4,1,7
2014-10-10,447900,0,4,1,6
2014-10-11,288600,2,4,0,4
2014-10-12,533200,3,4,0,1
2014-10-13,314800,1,4,1,3
2014-10-14,456400,5,4,1,7
2014-10-15,259900,6,4,1,7
2014-10-16,520500,4,4,1,7
2014-10-17,494200,0,4,1,6
2014-10-18,407300,2,4,0,4
2014-10-19,529100,3,4,0,1
2014-10-20,405300,1,4,1,3
2014-10-21,507000,5,4,1,6
2014-10-22,529000,6,1,0,5
2014-10-23,367200,4,4,1,3
2014-10-24,295100,0,4,1,6
2014-10-25,283200,2,4,0,4
2014-10-26,408100,3,4,0,1
2014-10-27,454500,1,4,1,3
2014-10-28,262200,5,4,1,7
2014-10-29,277500,6,4,1,7
2014-10-30,337800,4,4,1,7
2014-10-31,527700,0,4,1,6
2014-11-01,506900,2,4,0,4
2014-11-02,660500,3,4,0,1
2014-11-03,469700,1,4,1,2
2014-11-04,1600,5,2,0,5
2014-11-05,170400,6,4,1,3
2014-11-06,319500,4,4,1,7
2014-11-07,384400,0,4,1,6
2014-11-08,442400,2,4,0,4
2014-11-09,533300,3,4,0,1
2014-11-10,395600,1,4,1,3
2014-11-11,340200,5,4,1,7
2014-11-12,275700,6,4,1,7
2014-11-13,443700,4,4,1,7
2014-11-14,340800,0,4,1,6
2014-11-15,529500,2,4,0,4
2014-11-16,368600,3,4,0,1
2014-11-17,316800,1,4,1,3
2014-11-18,367900,5,4,1,7
2014-11-19,366200,6,4,1,7
2014-11-20,310100,4,4,1,7
2014-11-21,271300,0,4,1,6
2014-11-22,356600,2,4,0,4
2014-11-23,390100,3,4,0,1
2014-11-24,332000,1,4,1,3
2014-11-25,412300,5,4,1,7
2014-11-26,293800,6,4,1,7
2014-11-27,380300,4,4,1,7
2014-11-28,671600,0,4,1,6
2014-11-29,260500,2,4,0,4
2014-11-30,392300,3,4,0,1
2014-12-01,308400,1,4,1,3
2014-12-02,495000,5,4,1,7
2014-12-03,512800,6,4,1,7
2014-12-04,137000,4,4,1,7
2014-12-05,352800,0,4,1,6
2014-12-06,370300,2,4,0,4
2014-12-07,313900,3,4,0,1
2014-12-08,407400,1,4,1,3
2014-12-09,429100,5,4,1,7
2014-12-10,515800,6,4,1,7
2014-12-11,481200,4,4,1,7
2014-12-12,646400,0,4,1,6
2014-12-13,355100,2,4,0,4
2014-12-14,346000,3,4,0,1
2014-12-15,427400,1,4,1,3
2014-12-16,254700,5,4,1,7
2014-12-17,332200,6,4,1,7
2014-12-18,424800,4,4,1,7
2014-12-19,423400,0,4,1,6
2014-12-20,380800,2,4,0,4
2014-12-21,409800,3,4,0,1
2014-12-22,177600,1,4,1,3
2014-12-23,340100,5,4,1,7
2014-12-24,433500,6,4,1,6
2014-12-25,351100,4,0,0,5
2014-12-26,239800,0,4,1,2
2014-12-27,396900,2,4,0,4
2014-12-28,315000,3,4,0,1
2014-12-29,367500,1,4,1,3
2014-12-30,531100,5,4,1,7
2014-12-31,679200,6,4,1,6
2015-01-01,539200,4,0,0,5
2015-01-02,441400,0,4,1,2
2015-01-03,507000,2,4,0,4
2015-01-04,291600,3,2,0,1
2015-01-05,204600,1,4,1,3
2015-01-06,468200,5,4,1,7
2015-01-07,344300,6,4,1,7
2015-01-08,422800,4,4,1,7
2015-01-09,362400,0,4,1,6
2015-01-10,394400,2,4,0,4
2015-01-11,469700,3,4,0,1
2015-01-12,416000,1,4,1,3
2015-01-13,365500,5,4,1,7
2015-01-14,287400,6,4,1,6
2015-01-15,313100,4,1,0,4
2015-01-16,228000,0,3,0,0
2015-01-17,331600,2,1,0,0
2015-01-18,349800,3,4,0,1
2015-01-19,26600,1,4,1,3
2015-01-20,328100,5,4,1,7
2015-01-21,319700,6,4,1,7
2015-01-22,366500,4,4,1,7
2015-01-23,151300,0,4,1,6
2015-01-24,315600,2,4,0,4
2015-01-25,266400,3,4,0,0
2015-01-26,284700,1,3,0,1
2015-01-27,340300,5,4,1,3
2015-01-28,378400,6,4,1,7
2015-01-29,344600,4,4,1,7
2015-01-30,415100,0,4,1,6
2015-01-31,556800,2,4,0,4
2015-02-01,394100,3,4,0,1
2015-02-02,515400,1,4,1,3
2015-02-03,504100,5,4,1,7
2015-02-04,462100,6,4,1,7
2015-02-05,455400,4,4,1,7
2015-02-06,274900,0,4,1,6
2015-02-07,350300,2,4,0,4
2015-02-08,430100,3,4,0,1
2015-02-09,357800,1,4,1,3
2015-02-10,388300,5,4,1,7
2015-02-11,346000,6,4,1,7
2015-02-12,467600,4,4,1,7
2015-02-13,424300,0,4,1,6
2015-02-14,333100,2,4,0,4
2015-02-15,227500,3,4,0,1
2015-02-16,405100,1,4,1,3
2015-02-17,359100,5,4,1,7
2015-02-18,201000,6,4,1,7
2015-02-19,392400,4,4,1,7
2015-02-20,256400,0,4,1,6
2015-02-21,329700,2,4,0,4
2015-02-22,261900,3,4,0,1
2015-02-23,346200,1,4,1,3
2015-02-24,323800,5,4,1,7
2015-02-25,424400,6,4,1,7
2015-02-26,361500,4,4,1,7
2015-02-27,403500,0,4,1,6
2015-02-28,537500,2,4,0,4
2015-03-01,519200,3,4,0,1
2015-03-02,482500,1,4,1,3
2015-03-03,665600,5,4,1,7
2015-03-04,485400,6,4,1,7
2015-03-05,384600,4,4,1,7
2015-03-06,227000,0,4,1,6
2015-03-07,375200,2,4,0,4
2015-03-08,37300,3,4,0,1
2015-03-11,6300,6,4,1,7
2015-03-12,509000,4,4,1,7
2015-03-13,409800,0,4,1,6
2015-03-14,382900,2,4,0,4
2015-03-15,344900,3,4,0,1
2015-03-16,519400,1,4,1,3
2015-03-17,365900,5,4,1,7
2015-03-18,335800,6,4,1,7
2015-03-19,413000,4,4,1,7
2015-03-20,338100,0,4,1,6
2015-03-21,428000,2,1,0,4
2015-03-22,328100,3,4,0,1
2015-03-23,343700,1,4,1,3
2015-03-24,457700,5,4,1,7
2015-03-25,378400,6,4,1,7
2015-03-26,404100,4,4,1,7
2015-03-27,352900,0,4,1,6
2015-03-28,64700,2,4,0,4
2015-03-29,246100,3,4,0,1
2015-03-30,424800,1,4,1,3
2015-03-31,511600,5,4,1,7
2015-04-01,549300,6,4,1,6
2015-04-02,413300,4,1,0,4
2015-04-04,246100,2,4,0,0
2015-04-05,284500,3,4,0,1
2015-04-06,350100,1,4,1,3
2015-04-07,346000,5,4,1,7
2015-04-08,451500,6,4,1,7
2015-04-09,441400,4,4,1,7
2015-04-10,298400,0,4,1,6
2015-04-11,392500,2,4,0,4
2015-04-12,337700,3,4,0,1
2015-04-13,472800,1,4,1,2
2015-04-14,362800,5,1,0,5
2015-04-15,382500,6,4,1,3
2015-04-16,395000,4,4,1,7
2015-04-17,259100,0,4,1,6
2015-04-18,296100,2,4,0,4
2015-04-19,259900,3,4,0,1
2015-04-20,377000,1,4,1,3
2015-04-21,598000,5,4,1,7
2015-04-22,490800,6,4,1,7
2015-04-23,382000,4,4,1,7
2015-04-24,471700,0,4,1,6
2015-04-25,457000,2,4,0,4
2015-04-26,123200,3,4,0,1
2015-04-27,299800,1,4,1,3
2015-04-28,303300,5,4,1,7
2015-04-29,495000,6,4,1,7
2015-04-30,465900,4,4,1,6
2015-05-01,422700,0,3,0,4
2015-05-02,530700,2,4,0,0
2015-05-03,433900,3,4,0,1
2015-05-04,392800,1,4,1,3
2015-05-05,297500,5,4,1,7
2015-05-06,398900,6,4,1,7
2015-05-07,486200,4,4,1,7
2015-05-08,420300,0,4,1,6
2015-05-09,490000,2,4,0,4
2015-05-10,528900,3,4,0,1
2015-05-11,480200,1,4,1,3
2015-05-12,413500,5,4,1,7
2015-05-13,411400,6,4,1,7
2015-05-14,230900,4,4,1,7
2015-05-15,338200,0,4,1,6
2015-05-16,284000,2,4,0,4
2015-05-17,174300,3,4,0,1
2015-05-18,129000,1,4,1,3
2015-05-19,49400,5,4,1,7
2015-05-20,267500,6,4,1,7
2015-05-21,345000,4,4,1,7
2015-05-22,269700,0,4,1,6
2015-05-23,359700,2,4,0,4
2015-05-24,324100,3,4,0,1
2015-05-25,327800,1,4,1,3
2015-05-26,255800,5,4,1,7
2015-05-27,417600,6,4,1,7
2015-05-28,302100,4,4,1,7
2015-05-29,316500,0,4,1,6
2015-05-30,289000,2,4,0,4
2015-05-31,152100,3,4,0,1
2015-06-02,237900,5,4,1,7
2015-06-03,414500,6,4,1,7
2015-06-04,404400,4,4,1,7
2015-06-05,333300,0,4,1,6
2015-06-06,414900,2,4,0,4
2015-06-07,421200,3,4,0,1
2015-06-08,420500,1,4,1,3
2015-06-09,518200,5,4,1,7
2015-06-10,497100,6,4,1,7
2015-06-11,423300,4,4,1,7
2015-06-12,404900,0,4,1,6
2015-06-13,410200,2,4,0,4
2015-06-14,376300,3,4,0,1
2015-06-15,395700,1,4,1,3
2015-06-16,321300,5,4,1,7
2015-06-17,314500,6,4,1,7
2015-06-18,173000,4,4,1,7
2015-06-20,359100,2,4,0,4
2015-06-21,335500,3,4,0,1
2015-06-22,445900,1,4,1,3
2015-06-23,361800,5,4,1,7
2015-06-24,404800,6,4,1,7
2015-06-25,456800,4,4,1,7
2015-06-26,261000,0,4,1,6
2015-06-27,395700,2,4,0,4
2015-06-28,399900,3,4,0,1
2015-06-29,416400,1,4,1,3
2015-06-30,414700,5,4,1,7
2015-07-01,745100,6,4,1,7
2015-07-02,329500,4,4,1,7
2015-07-03,416300,0,4,1,6
2015-07-04,531700,2,4,0,4
2015-07-05,432600,3,4,0,1
2015-07-06,246500,1,4,1,3
2015-07-07,293600,5,4,1,7
2015-07-08,491700,6,4,1,7
2015-07-09,465800,4,4,1,7
2015-07-10,423800,0,4,1,6
2015-07-11,432600,2,4,0,4
2015-07-12,506600,3,4,0,1
2015-07-13,363900,1,4,1,3
2015-07-14,310900,5,4,1,7
2015-07-15,364000,6,4,1,7
2015-07-16,470700,4,4,1,7
2015-07-17,336300,0,4,1,6
2015-07-18,227300,2,2,0,4
2015-07-19,328800,3,4,0,1
2015-07-20,372500,1,4,1,3
2015-07-21,212400,5,4,1,7
2015-07-22,331500,6,4,1,7
2015-07-23,540000,4,4,1,7
2015-07-24,339100,0,4,1,6
2015-07-25,292700,2,4,0,4
2015-07-26,449700,3,4,0,1
2015-07-27,400600,1,4,1,3
2015-07-28,321400,5,4,1,7
2015-07-29,212900,6,4,1,7
2015-07-30,392200,4,4,1,6
2015-07-31,569900,0,4,1,6
2015-08-01,703600,2,4,0,4
2015-08-02,491800,3,4,0,1
2015-08-03,348800,1,4,1,3
2015-08-04,527000,5,4,1,7
2015-08-05,482800,6,4,1,7
2015-08-06,422500,4,4,1,7
2015-08-07,453600,0,4,1,6
2015-08-08,581200,2,4,0,4
2015-08-09,609400,3,4,0,1
2015-08-10,412100,1,4,1,3
2015-08-11,542800,5,4,1,7
2015-08-12,479300,6,4,1,7
2015-08-13,311100,4,4,1,7
2015-08-14,384200,0,4,1,6
2015-08-15,424700,2,3,0,4
2015-08-16,433500,3,4,0,1
2015-08-17,476500,1,4,1,3
2015-08-18,469200,5,4,1,7
2015-08-19,492900,6,4,1,7
2015-08-20,522700,4,4,1,7
2015-08-21,330900,0,4,1,6
2015-08-22,377000,2,4,0,4
2015-08-23,301100,3,4,0,1
2015-08-24,280700,1,4,1,3
2015-08-25,349200,5,4,1,7
2015-08-26,271600,6,4,1,7
2015-08-27,357800,4,4,1,7
2015-08-28,436400,0,4,1,6
2015-08-29,658300,2,4,0,4
2015-08-30,330800,3,4,0,1
2015-08-31,383700,1,4,1,3
2015-09-01,543800,5,4,1,7
2015-09-02,568500,6,4,1,7
2015-09-03,550200,4,4,1,7
2015-09-04,453600,0,4,1,6
2015-09-05,395000,2,1,0,4
2015-09-06,374900,3,4,0,1
2015-09-07,498000,1,4,1,3
2015-09-08,394300,5,4,1,7
2015-09-09,433700,6,4,1,7
2015-09-10,580200,4,4,1,7
2015-09-11,551700,0,4,1,6
2015-09-12,480300,2,4,0,4
2015-09-13,451300,3,4,0,1
2015-09-14,439800,1,4,1,3
2015-09-15,388800,5,4,1,7
2015-09-16,603100,6,4,1,6
2015-09-17,393100,4,1,0,5
2015-09-18,405600,0,4,1,2
2015-09-19,478800,2,4,0,4
2015-09-20,508300,3,4,0,1
2015-09-21,448700,1,4,1,3
2015-09-22,372200,5,4,1,7
2015-09-23,361500,6,4,1,6
2015-09-24,479800,4,2,0,5
2015-09-25,324000,0,4,1,2
2015-09-26,304900,2,4,0,4
2015-09-27,324900,3,4,0,1
2015-09-28,322700,1,4,1,3
2015-09-29,572900,5,4,1,7
2015-09-30,550500,6,4,1,7
2015-10-01,681300,4,4,1,6
2015-10-02,360600,0,3,0,4
2015-10-03,376800,2,4,0,0
2015-10-04,390900,3,4,0,1
2015-10-05,539400,1,4,1,3
2015-10-06,467700,5,4,1,7
2015-10-07,377400,6,4,1,7
2015-10-08,521300,4,4,1,7
2015-10-09,374600,0,4,1,6
2015-10-10,676200,2,4,0,4
2015-10-11,372500,3,4,0,1
2015-10-12,515500,1,4,1,3
2015-10-13,302800,5,4,1,7
2015-10-14,443200,6,4,1,7
2015-10-15,556500,4,4,1,7
2015-10-16,325200,0,4,1,6
2015-10-17,476700,2,4,0,4
2015-10-18,448700,3,4,0,1
2015-10-19,411900,1,4,1,3
2015-10-20,480400,5,4,1,6
2015-10-21,375400,6,1,0,4
2015-10-22,286900,4,1,0,0
2015-10-23,231600,0,2,0,0
2015-10-24,376700,2,4,0,0
2015-10-25,399000,3,4,0,1
2015-10-26,468700,1,4,1,3
2015-10-27,347800,5,4,1,7
2015-10-28,561300,6,4,1,7
2015-10-29,546400,4,4,1,7
2015-10-30,448600,0,4,1,6
2015-10-31,889100,2,4,0,4
2015-11-01,550200,3,4,0,1
2015-11-02,692500,1,4,1,3
2015-11-03,503500,5,4,1,7
2015-11-04,617100,6,4,1,7
2015-11-05,529000,4,4,1,7
2015-11-06,784700,0,4,1,6
2015-11-07,462100,2,4,0,4
2015-11-08,603400,3,4,0,1
2015-11-09,552900,1,4,1,2
2015-11-10,876700,5,1,0,5
2015-11-11,423900,6,4,1,3
2015-11-12,364600,4,4,1,7
2015-11-13,183200,0,4,1,6
2015-11-14,553300,2,4,0,4
2015-11-15,492700,3,4,0,1
2015-11-16,475900,1,4,1,3
2015-11-17,666300,5,4,1,7
2015-11-18,365500,6,4,1,7
2015-11-19,365400,4,4,1,7
2015-11-20,578600,0,4,1,6
2015-11-21,452800,2,4,0,4
2015-11-22,350500,3,4,0,0
2015-11-23,312000,1,2,0,1
2015-11-24,447700,5,4,1,3
2015-11-25,442400,6,4,1,7
2015-11-26,569600,4,4,1,7
2015-11-27,515400,0,4,1,6
2015-11-28,352900,2,4,0,4
2015-11-29,382300,3,4,0,1
2015-11-30,611100,1,4,1,3
2015-12-01,711900,5,4,1,7
2015-12-02,618400,6,4,1,7
2015-12-03,562200,4,4,1,7
2015-12-04,498200,0,4,1,6
2015-12-05,462100,2,4,0,4
2015-12-06,493500,3,4,0,1
2015-12-07,514800,1,4,1,3
2015-12-08,570700,5,4,1,7
2015-12-09,414700,6,4,1,7
2015-12-10,517500,4,4,1,7
2015-12-11,569700,0,4,1,6
2015-12-12,491500,2,4,0,4
2015-12-13,598000,3,4,0,1
2015-12-14,550600,1,4,1,3
2015-12-15,376100,5,4,1,7
2015-12-16,539200,6,4,1,7
2015-12-17,413700,4,4,1,7
2015-12-18,284100,0,4,1,6
2015-12-19,443800,2,4,0,4
2015-12-20,406400,3,4,0,1
2015-12-21,522800,1,4,1,3
2015-12-22,494900,5,4,1,7
2015-12-23,578900,6,4,1,7
2015-12-24,497100,4,4,1,6
2015-12-25,234300,0,0,0,4
2015-12-26,232700,2,4,0,0
2015-12-27,375700,3,4,0,1
2015-12-28,418400,1,4,1,3
2015-12-29,494000,5,4,1,7
2015-12-30,489500,6,4,1,7
2015-12-31,497700,4,4,1,6
2016-01-01,663600,0,0,0,4
2016-01-02,305900,2,4,0,0
2016-01-03,224900,3,4,0,1
2016-01-04,466400,1,4,1,3
2016-01-05,610000,5,4,1,7
2016-01-06,596600,6,4,1,7
2016-01-07,494700,4,4,1,7
2016-01-08,390700,0,4,1,6
2016-01-09,577600,2,4,0,4
2016-01-10,646100,3,4,0,1
2016-01-11,423600,1,4,1,3
2016-01-12,456700,5,4,1,7
2016-01-13,447600,6,4,1,7
2016-01-14,466200,4,4,1,6
2016-01-15,424300,0,1,0,4
2016-01-16,379400,2,1,0,0
2016-01-17,354400,3,1,0,1
2016-01-18,406900,1,4,1,3
2016-01-19,360800,5,4,1,7
2016-01-20,271300,6,4,1,7
2016-01-21,178300,4,4,1,7
2016-01-22,447900,0,4,1,6
2016-01-23,327900,2,4,0,4
2016-01-24,49600,3,4,0,1
2016-01-25,314800,1,4,1,2
2016-01-26,74200,5,3,0,5
2016-01-27,194300,6,4,1,3
2016-01-28,312500,4,4,1,7
2016-01-29,450200,0,4,1,6
2016-01-30,617900,2,4,0,4
2016-01-31,792000,3,4,0,1
2016-02-01,634100,1,4,1,3
2016-02-02,425000,5,4,1,7
2016-02-03,570300,6,4,1,7
2016-02-04,588600,4,4,1,7
2016-02-05,568500,0,4,1,6
2016-02-06,295100,2,4,0,4
2016-02-07,227800,3,4,0,1
2016-02-08,252600,1,4,1,3
2016-02-09,318600,5,4,1,7
2016-02-10,576000,6,4,1,7
2016-02-11,618400,4,4,1,7
2016-02-12,571500,0,4,1,6
2016-02-13,458700,2,4,0,4
2016-02-14,557300,3,4,0,1
2016-02-15,671500,1,4,1,3
2016-02-16,392600,5,4,1,7
2016-02-17,366700,6,4,1,7
2016-02-18,647900,4,4,1,7
2016-02-19,435600,0,4,1,6
2016-02-20,535100,2,4,0,4
2016-02-21,652400,3,4,0,1
2016-02-22,400300,1,4,1,3
2016-02-23,666700,5,4,1,7
2016-02-24,399700,6,4,1,7
2016-02-25,434200,4,4,1,7
2016-02-26,591800,0,4,1,6
2016-02-27,527500,2,4,0,4
2016-02-28,470100,3,4,0,1
2016-02-29,632800,1,4,1,3
2016-03-01,665800,5,4,1,7
2016-03-02,402900,6,4,1,7
2016-03-04,345000,0,4,1,6
2016-03-05,628700,2,4,0,4
2016-03-06,594300,3,4,0,1
2016-03-07,415300,1,4,1,3
2016-03-08,479400,5,4,1,7
2016-03-09,569100,6,4,1,7
2016-03-10,926100,4,4,1,7
2016-03-11,567600,0,4,1,6
2016-03-12,545500,2,4,0,4
2016-03-13,493800,3,4,0,1
2016-03-14,454700,1,4,1,3
2016-03-15,580700,5,4,1,7
2016-03-16,501400,6,4,1,7
2016-03-17,398100,4,4,1,7
2016-03-18,441200,0,4,1,6
2016-03-19,273000,2,4,0,4
2016-03-20,605700,3,4,0,1
2016-03-21,558400,1,4,1,3
2016-03-22,467500,5,4,1,7
2016-03-23,453900,6,4,1,7
2016-03-24,53800,4,4,1,6
2016-03-25,222900,0,0,0,4
2016-03-26,384700,2,4,0,0
2016-03-27,240300,3,4,0,1
2016-03-28,173100,1,4,1,3
2016-03-30,82200,6,4,1,7
2016-03-31,427400,4,4,1,7
2016-04-02,129900,2,4,0,4
2016-04-03,391200,3,4,0,1
2016-04-04,480600,1,4,1,3
2016-04-05,487100,5,4,1,7
2016-04-06,574500,6,4,1,7
2016-04-07,421300,4,4,1,6
2016-04-08,10700,0,3,0,4
2016-04-09,399900,2,4,0,0
2016-04-10,217500,3,4,0,1
2016-04-11,472600,1,4,1,3
2016-04-12,632300,5,4,1,7
2016-04-13,654800,6,4,1,6
2016-04-14,144600,4,3,0,5
2016-04-16,452700,2,4,0,4
2016-04-17,376800,3,4,0,1
2016-04-18,643300,1,4,1,2
2016-04-19,516400,5,1,0,5
2016-04-20,442300,6,4,1,3
2016-04-21,276400,4,4,1,7
2016-04-22,547900,0,4,1,6
2016-04-23,448100,2,4,0,4
2016-04-24,75200,3,4,0,1
2016-04-25,236100,1,4,1,3
2016-04-26,438700,5,4,1,7
2016-04-27,381400,6,4,1,7
2016-04-28,305200,4,4,1,7
2016-04-29,306300,0,4,1,6
2016-04-30,494000,2,4,0,4
2016-05-02,395500,1,4,1,3
2016-05-03,340400,5,4,1,7
2016-05-04,312600,6,4,1,7
2016-05-05,212700,4,4,1,7
2016-05-06,258800,0,4,1,6
2016-05-07,294300,2,4,0,4
2016-05-08,458600,3,4,0,1
2016-05-09,602200,1,4,1,3
2016-05-10,630200,5,4,1,7
2016-05-11,420600,6,4,1,7
2016-05-12,319200,4,4,1,7
2016-05-13,350300,0,4,1,6
2016-05-14,426100,2,4,0,4
2016-05-15,243900,3,4,0,1
2016-05-16,439100,1,4,1,3
2016-05-17,452900,5,4,1,7
2016-05-18,376700,6,4,1,7
2016-05-19,413500,4,4,1,7
2016-05-20,597600,0,4,1,6
2016-05-22,209700,3,4,0,1
2016-05-23,342000,1,4,1,3
2016-05-24,475200,5,4,1,7
2016-05-25,456400,6,4,1,7
2016-05-26,337600,4,4,1,7
2016-05-27,321300,0,4,1,6
2016-05-28,294200,2,4,0,4
2016-05-29,485800,3,4,0,1
2016-05-30,434900,1,4,1,3
2016-05-31,555000,5,4,1,7
2016-06-01,796800,6,4,1,7
2016-06-02,728200,4,4,1,7
2016-06-03,562800,0,4,1,6
2016-06-04,661600,2,4,0,4
2016-06-05,670700,3,4,0,1
2016-06-06,627500,1,4,1,3
2016-06-07,488800,5,4,1,7
2016-06-08,697100,6,4,1,7
2016-06-09,702400,4,4,1,7
2016-06-10,412000,0,4,1,6
2016-06-11,355900,2,4,0,4
2016-06-12,437500,3,4,0,1
2016-06-13,431800,1,4,1,3
2016-06-14,436200,5,4,1,7
2016-06-15,499300,6,4,1,7
2016-06-16,386200,4,4,1,7
2016-06-17,371300,0,4,1,6
2016-06-18,312900,2,4,0,4
2016-06-19,368400,3,4,0,1
2016-06-20,345500,1,4,1,3
2016-06-21,418400,5,4,1,7
2016-06-22,470600,6,4,1,7
2016-06-23,440000,4,4,1,7
2016-06-24,302900,0,4,1,6
2016-06-25,191000,2,4,0,4
2016-06-26,384400,3,4,0,1
2016-06-27,354500,1,4,1,3
2016-06-28,258200,5,4,1,7
2016-06-29,398300,6,4,1,7
2016-06-30,103800,4,4,1,7
2016-07-01,205300,0,4,1,6
2016-07-02,285100,2,4,0,4
2016-07-03,508100,3,4,0,1
2016-07-04,458900,1,4,1,3
2016-07-05,160000,5,4,1,7
2016-07-07,289400,4,2,0,5
2016-07-08,232600,0,4,1,2
2016-07-09,402200,2,4,0,4
2016-07-10,502000,3,4,0,1
2016-07-11,477900,1,4,1,3
2016-07-12,609600,5,4,1,7
2016-07-13,268800,6,4,1,7
2016-07-14,516300,4,4,1,7
2016-07-15,425400,0,4,1,6
2016-07-16,241800,2,4,0,4
2016-07-17,32700,3,4,0,1
2016-07-18,315400,1,4,1,3
2016-07-19,322500,5,4,1,7
2016-07-20,327800,6,4,1,7
2016-07-21,113500,4,4,1,7
2016-07-22,202300,0,4,1,6
2016-07-23,41800,2,4,0,4
2016-07-29,197100,0,4,1,6
2016-07-30,192600,2,4,0,4
2016-07-31,326800,3,4,0,1
2016-08-01,428100,1,4,1,3
2016-08-02,562700,5,4,1,7
2016-08-03,443800,6,4,1,7
2016-08-04,229200,4,4,1,7
2016-08-05,469300,0,4,1,6
2016-08-06,607300,2,4,0,4
2016-08-07,450400,3,4,0,1
2016-08-08,492700,1,4,1,3
2016-08-09,518300,5,4,1,7
2016-08-10,299600,6,4,1,7
2016-08-11,280500,4,4,1,7
2016-08-12,439300,0,4,1,6
2016-08-13,433500,2,4,0,4
2016-08-14,415500,3,4,0,0
2016-08-15,383700,1,3,0,1
2016-08-16,477000,5,4,1,3
2016-08-17,231700,6,4,1,7
2016-08-18,637300,4,4,1,7
2016-08-19,451900,0,4,1,6
2016-08-20,447200,2,4,0,4
2016-08-21,392800,3,4,0,1
2016-08-22,177900,1,4,1,3
2016-08-23,418000,5,4,1,7
2016-08-24,420400,6,4,1,6
2016-08-25,376500,4,1,0,5
2016-08-26,407900,0,4,1,2
2016-08-27,394900,2,4,0,4
2016-08-28,352600,3,4,0,1
2016-08-29,425300,1,4,1,3
2016-08-30,476200,5,4,1,7
2016-08-31,554700,6,4,1,7
2016-09-01,725400,4,4,1,7
2016-09-02,643700,0,4,1,6
2016-09-03,502100,2,4,0,4
2016-09-04,620600,3,4,0,0
2016-09-05,512200,1,1,0,1
2016-09-06,639700,5,4,1,3
2016-09-07,306500,6,4,1,7
2016-09-08,659200,4,4,1,7
2016-09-09,327200,0,4,1,6
2016-09-10,145200,2,4,0,4
2016-09-11,489900,3,4,0,1
2016-09-12,571700,1,4,1,2
2016-09-13,382600,5,2,0,5
2016-09-14,487100,6,4,1,3
2016-09-15,406500,4,4,1,7
2016-09-16,200700,0,4,1,6
2016-09-17,271900,2,4,0,4
2016-09-18,379300,3,4,0,1
2016-09-19,259900,1,4,1,3
2016-09-20,381600,5,4,1,7
2016-09-21,455400,6,4,1,7
2016-09-22,442800,4,4,1,7
2016-09-23,339600,0,4,1,6
2016-09-24,402900,2,4,0,4
2016-09-25,272700,3,4,0,1
2016-09-26,517200,1,4,1,3
2016-09-27,406500,5,4,1,7
2016-09-28,567100,6,4,1,7
2016-09-29,324800,4,4,1,7
2016-09-30,370000,0,4,1,6
2016-10-01,381000,2,4,0,4
2016-10-03,439200,1,4,1,3
2016-10-04,316100,5,4,1,7
2016-10-05,527600,6,4,1,7
2016-10-06,633100,4,4,1,7
2016-10-07,189900,0,4,1,6
2016-10-08,161500,2,4,0,4
2016-10-09,337100,3,4,0,0
2016-10-10,198500,1,1,0,0
2016-10-11,48600,5,1,0,0
2016-10-13,580200,4,4,1,3
2016-10-14,326300,0,4,1,6
2016-10-15,407400,2,4,0,4
2016-10-16,157400,3,4,0,1
2016-10-17,260200,1,4,1,3
2016-10-18,108400,5,4,1,7
2016-10-19,408400,6,4,1,7
2016-10-20,516900,4,4,1,7
2016-10-21,352300,0,4,1,6
2016-10-22,475500,2,4,0,4
2016-10-23,342800,3,4,0,1
2016-10-24,253800,1,4,1,3
2016-10-25,410000,5,4,1,7
2016-10-26,607600,6,4,1,7
2016-10-27,469300,4,4,1,7
2016-10-28,163400,0,4,1,6
2016-10-29,247100,2,1,0,4
2016-10-30,316500,3,4,0,1
2016-10-31,1000,1,4,1,3
2016-11-02,357900,6,4,1,7
2016-11-03,646700,4,4,1,7
2016-11-04,397000,0,4,1,6
2016-11-05,654300,2,4,0,4
2016-11-06,576800,3,4,0,1
2016-11-07,381000,1,4,1,3
2016-11-08,334400,5,4,1,7
2016-11-11,8000,0,4,1,6
2016-11-12,29100,2,4,0,4
2016-11-13,270500,3,4,0,1
2016-11-14,200,1,4,1,3
2016-11-15,150900,5,4,1,7
2016-11-16,18600,6,4,1,7
2016-11-17,9000,4,4,1,7
2016-11-18,10000,0,4,1,6
2016-11-19,41500,2,4,0,4
2016-11-20,22500,3,4,0,1
2016-11-22,2100,5,4,1,7
2016-11-23,6600,6,4,1,7
2016-11-24,13900,4,4,1,7
2016-11-25,29600,0,4,1,6
2016-11-28,3500,1,4,1,3
2016-11-30,31700,6,4,1,7
2016-12-01,36700,4,4,1,7
2017-01-17,500,5,4,1,3
2017-01-18,4800,6,4,1,7
2017-01-19,11700,4,4,1,7
2017-01-20,117600,0,4,1,6
2017-01-21,124300,2,4,0,4
2017-01-22,120100,3,4,0,1
2017-01-23,147200,1,4,1,3
2017-01-24,166700,5,4,1,7
2017-01-25,116300,6,4,1,6
2017-01-26,146800,4,3,0,5
2017-01-27,215300,0,4,1,2
2017-01-28,176300,2,4,0,4
2017-01-29,232900,3,4,0,1
2017-01-30,228800,1,4,1,3
2017-01-31,269900,5,4,1,7
2017-02-01,412700,6,4,1,7
2017-02-02,554500,4,4,1,7
2017-02-03,372800,0,4,1,4
2017-02-04,42900,2,4,0,4
2017-02-05,50000,3,4,0,1
2017-02-06,15200,1,4,1,3
2017-02-09,1500,4,4,1,7
2017-02-10,2000,0,4,1,6
2017-02-18,128600,2,4,0,4
2017-02-19,228000,3,4,0,1
2017-02-20,293300,1,4,1,3
2017-02-21,189300,5,4,1,7
2017-02-23,25000,4,4,1,7
2017-02-24,162000,0,4,1,6
2017-02-25,204700,2,4,0,4
2017-02-26,294300,3,4,0,1
2017-02-27,203300,1,4,1,3
2017-02-28,16100,5,4,1,7
2017-03-01,156000,6,4,1,7
2017-03-02,515000,4,4,1,7
2017-03-03,286200,0,4,1,6
2017-03-04,253500,2,4,0,4
2017-03-05,309200,3,4,0,1
2017-03-06,249100,1,4,1,3
2017-03-07,244800,5,4,1,7
2017-03-08,252500,6,4,1,7
2017-03-09,327500,4,4,1,7
2017-03-10,207400,0,4,1,6
2017-03-12,241900,3,4,0,1
2017-03-13,109100,1,4,1,3
2017-03-14,288500,5,4,1,7
2017-03-15,334500,6,4,1,7
2017-03-16,209900,4,4,1,7
2017-03-17,39600,0,4,1,6
2017-03-18,12800,2,4,0,4
2017-03-19,215000,3,4,0,1
2017-03-20,141600,1,4,1,3
2017-03-21,60100,5,4,1,7
2017-03-22,287300,6,4,1,7
2017-03-23,275000,4,4,1,7
2017-03-24,133800,0,4,1,6
2017-03-25,255400,2,4,0,4
2017-03-26,139400,3,4,0,1
2017-03-27,154900,1,4,1,3
2017-03-28,441000,5,4,1,6
2017-03-29,515400,6,3,0,5
2017-03-30,457500,4,4,1,3
2017-03-31,581600,0,4,1,6
2017-04-01,131200,2,4,0,4
2017-04-02,361300,3,4,0,1
2017-04-03,879300,1,4,1,3
2017-04-04,300600,5,4,1,7
2017-04-05,636200,6,4,1,7
2017-04-06,122100,4,4,1,7
2017-04-11,415200,5,4,1,7
2017-04-12,454400,6,4,1,7
2017-04-13,324100,4,4,1,6
2017-04-14,447700,0,3,0,4
2017-04-15,430800,2,4,0,0
2017-04-16,357700,3,4,0,1
2017-04-17,350000,1,4,1,3
2017-04-18,349300,5,4,1,7
2017-04-19,445200,6,4,1,7
2017-04-20,364600,4,4,1,7
2017-04-21,454700,0,4,1,6
2017-04-22,283500,2,4,0,4
2017-04-23,297900,3,4,0,1
2017-04-24,230200,1,4,1,3
2017-04-25,327200,5,4,1,7
2017-04-26,320100,6,4,1,7
2017-04-27,366300,4,4,1,7
2017-04-28,565200,0,4,1,6
2017-04-29,528200,2,4,0,4
2017-04-30,510600,3,4,0,0
2017-05-01,451500,1,3,0,1
2017-05-02,533700,5,4,1,3
2017-05-03,681500,6,4,1,7
2017-05-04,148400,4,4,1,7
2017-05-05,423700,0,4,1,6
2017-05-06,470500,2,4,0,4
2017-05-07,333300,3,4,0,1
2017-05-08,465100,1,4,1,3
2017-05-09,596100,5,4,1,7
2017-05-10,462400,6,4,1,7
2017-05-11,477100,4,4,1,7
2017-05-12,441900,0,4,1,6
2017-05-13,292000,2,4,0,4
2017-05-14,465100,3,4,0,1
2017-05-15,477500,1,4,1,3
2017-05-16,217000,5,4,1,7
2017-05-17,335500,6,4,1,7
2017-05-18,462500,4,4,1,7
2017-05-19,330500,0,4,1,6
2017-05-20,508200,2,4,0,4
2017-05-21,308800,3,4,0,1
2017-05-22,334000,1,4,1,3
2017-05-23,249500,5,4,1,7
2017-05-24,412000,6,4,1,7
2017-05-25,377300,4,4,1,7
2017-05-26,254600,0,4,1,6
2017-05-27,426400,2,4,0,4
2017-05-28,271200,3,4,0,1
2017-05-29,228300,1,4,1,3
2017-05-30,531200,5,4,1,7
2017-05-31,456300,6,4,1,7
2017-06-01,637900,4,4,1,7
2017-06-02,570900,0,4,1,6
2017-06-03,434400,2,4,0,4
2017-06-04,544200,3,4,0,1
2017-06-05,641800,1,4,1,3
2017-06-06,416600,5,4,1,7
2017-06-07,427100,6,4,1,7
2017-06-08,398900,4,4,1,7
2017-06-09,282200,0,4,1,6
2017-06-10,294600,2,4,0,4
2017-06-11,580600,3,4,0,1
2017-06-12,383600,1,4,1,3
2017-06-13,503600,5,4,1,7
2017-06-16,154700,0,4,1,6
2017-06-17,373900,2,4,0,4
2017-06-18,239700,3,4,0,1
2017-06-19,456600,1,4,1,3
2017-06-20,444600,5,4,1,7
2017-06-21,445500,6,4,1,7
2017-06-22,491900,4,4,1,7
2017-06-23,381600,0,4,1,6
2017-06-24,356000,2,4,0,4
2017-06-25,213200,3,4,0,0
2017-06-26,108700,1,2,0,1
2017-06-27,281100,5,4,1,3
2017-06-28,321600,6,4,1,7
2017-06-29,583800,4,4,1,7
2017-06-30,466200,0,4,1,6
2017-07-01,508700,2,4,0,4
2017-07-02,574400,3,4,0,1
2017-07-03,241200,1,4,1,3
2017-07-04,287300,5,4,1,7
2017-07-05,279500,6,4,1,7
2017-07-06,183700,4,4,1,7
2017-07-07,515800,0,4,1,6
2017-07-08,470500,2,4,0,4
2017-07-09,324500,3,4,0,1
2017-07-10,413200,1,4,1,3
2017-07-11,476700,5,4,1,7
2017-07-12,421000,6,4,1,7
2017-07-13,165600,4,4,1,7
2017-07-14,368100,0,4,1,6
2017-07-15,452700,2,4,0,4
2017-07-16,307100,3,4,0,1
2017-07-17,268100,1,4,1,3
2017-07-18,469400,5,4,1,7
2017-07-19,106000,6,4,1,7
2017-07-20,259800,4,4,1,7
2017-07-21,462800,0,4,1,6
2017-07-22,379900,2,4,0,4
2017-07-23,236900,3,4,0,1
2017-07-24,274700,1,4,1,3
2017-07-25,187100,5,4,1,7
2017-07-26,331000,6,4,1,7
2017-07-27,289300,4,4,1,7
2017-07-28,257800,0,4,1,6
2017-07-29,300600,2,4,0,4
2017-07-30,267200,3,4,0,1
2017-07-31,423700,1,4,1,3
2017-08-01,425300,5,4,1,7
2017-08-02,371800,6,4,1,7
2017-08-03,364600,4,4,1,7
2017-08-04,385200,0,4,1,6
2017-08-05,227500,2,4,0,4
2017-08-06,434900,3,4,0,1
2017-08-07,326700,1,4,1,3
2017-08-08,404300,5,4,1,7
2017-08-09,327700,6,4,1,7
2017-08-10,362400,4,4,1,7
2017-08-11,567700,0,4,1,6
2017-08-12,440300,2,4,0,4
2017-08-13,356900,3,4,0,1
2017-08-14,304700,1,4,1,2
2017-08-16,396800,6,3,0,1
2017-08-17,401300,4,4,1,3
2017-08-18,455800,0,4,1,6
2017-08-19,392700,2,4,0,4
2017-08-20,215100,3,4,0,1
2017-08-21,227100,1,4,1,3
2017-08-22,572300,5,4,1,7
2017-08-23,331100,6,4,1,7
2017-08-24,510300,4,4,1,6
2017-08-25,68100,0,1,0,4
2017-08-26,403800,2,4,0,0
2017-08-27,349300,3,4,0,1
2017-08-28,233200,1,4,1,3
2017-08-29,260300,5,4,1,7
2017-08-30,443100,6,4,1,7
2017-08-31,520200,4,4,1,7
2017-09-01,694300,0,4,1,6
2017-09-02,517700,2,2,0,4
2017-09-03,502300,3,4,0,1
2017-09-04,358000,1,4,1,3
2017-09-05,607400,5,4,1,7
2017-09-06,457500,6,4,1,7
2017-09-07,355700,4,4,1,7
2017-09-08,567700,0,4,1,6
2017-09-09,552300,2,4,0,4
2017-09-10,459800,3,4,0,1
2017-09-11,296500,1,4,1,3
2017-09-12,544800,5,4,1,7
2017-09-13,437200,6,4,1,7
2017-09-14,376300,4,4,1,7
2017-09-15,386300,0,4,1,6
2017-09-16,474700,2,4,0,4
2017-09-17,331100,3,4,0,1
2017-09-18,454600,1,4,1,3
2017-09-19,382800,5,4,1,7
2017-09-20,120400,6,4,1,7
2017-09-21,341600,4,4,1,7
2017-09-22,558900,0,4,1,6
2017-09-24,401500,3,4,0,1
2017-09-25,513800,1,4,1,3
2017-09-26,437400,5,4,1,7
2017-09-27,511200,6,4,1,7
2017-09-28,468600,4,4,1,6
2017-09-29,468800,0,1,0,4
